Date,Hour,Minute,Ulkotalo
15.12.2022,0,0,-10.3
15.12.2022,0,10,-11.8
15.12.2022,0,20,-10.9
15.12.2022,0,30,-11.7
15.12.2022,0,40,-10.7
15.12.2022,0,50,-11.4
15.12.2022,1,0,-9.9
15.12.2022,1,10,-9.7
15.12.2022,1,20,-9.9
15.12.2022,1,30,-11.2
15.12.2022,1,40,-9.7
15.12.2022,1,50,-9.7
15.12.2022,2,0,-9.6
15.12.2022,2,10,-9.5
15.12.2022,2,20,-9.0
15.12.2022,2,30,-10.2
15.12.2022,2,40,-10.5
15.12.2022,2,50,-8.6
15.12.2022,3,0,-10.4
15.12.2022,3,10,-8.3
15.12.2022,3,20,-9.4
15.12.2022,3,30,-9.7
15.12.2022,3,40,-9.0
15.12.2022,3,50,-8.9
15.12.2022,4,0,-9.2
15.12.2022,4,10,-7.9
15.12.2022,4,20,-9.6
15.12.2022,4,30,-7.9
15.12.2022,4,40,-8.1
15.12.2022,4,50,-7.8
15.12.2022,5,0,-8.4
15.12.2022,5,10,-7.5
15.12.2022,5,20,-7.9
15.12.2022,5,30,-7.8
15.12.2022,5,40,-6.9
15.12.2022,5,50,-6.9
15.12.2022,6,0,-7.2
15.12.2022,6,10,-7.0
15.12.2022,6,20,-6.7
15.12.2022,6,30,-7.6
15.12.2022,6,40,-6.8
15.12.2022,6,50,-8.0
15.12.2022,7,0,-7.7
15.12.2022,7,10,-7.7
15.12.2022,7,20,-7.5
15.12.2022,7,30,-6.9
15.12.2022,7,40,-7.0
15.12.2022,7,50,-5.9
15.12.2022,8,0,-6.9
15.12.2022,8,10,-6.0
15.12.2022,8,20,-7.2
15.12.2022,8,30,-6.1
15.12.2022,8,40,-6.3
15.12.2022,8,50,-6.5
15.12.2022,9,0,-4.8
15.12.2022,9,10,-6.3
15.12.2022,9,20,-5.1
15.12.2022,9,30,-6.4
15.12.2022,9,40,-6.2
15.12.2022,9,50,-5.0
15.12.2022,10,0,-4.6
15.12.2022,10,10,-4.1
15.12.2022,10,20,-4.2
15.12.2022,10,30,-4.7
15.12.2022,10,40,-5.1
15.12.2022,10,50,-3.9
15.12.2022,11,0,-5.0
15.12.2022,11,10,-5.0
15.12.2022,11,20,-3.6
15.12.2022,11,30,-4.2
15.12.2022,11,40,-3.8
15.12.2022,11,50,-3.6
15.12.2022,12,0,-3.3
15.12.2022,12,10,-3.2
15.12.2022,12,20,-3.3
15.12.2022,12,30,-4.2
15.12.2022,12,40,-4.0
15.12.2022,12,50,-4.4
15.12.2022,13,0,-4.3
15.12.2022,13,10,-3.1
15.12.2022,13,20,-3.7
15.12.2022,13,30,-3.1
15.12.2022,13,40,-4.0
15.12.2022,13,50,-3.7
15.12.2022,14,0,-2.5
15.12.2022,14,10,-2.9
15.12.2022,14,20,-1.9
15.12.2022,14,30,-2.2
15.12.2022,14,40,-3.4
15.12.2022,14,50,-3.1
15.12.2022,15,0,-1.8
15.12.2022,15,10,-1.6
15.12.2022,15,20,-1.7
15.12.2022,15,30,-2.1
15.12.2022,15,40,-2.4
15.12.2022,15,50,-1.7
15.12.2022,16,0,-1.8
15.12.2022,16,10,-1.1
15.12.2022,16,20,-0.6
15.12.2022,16,30,-1.2
15.12.2022,16,40,-2.2
15.12.2022,16,50,-2.0
15.12.2022,17,0,-1.2
15.12.2022,17,10,-0.8
15.12.2022,17,20,-1.6
15.12.2022,17,30,-0.5
15.12.2022,17,40,-1.3
15.12.2022,17,50,-0.7
15.12.2022,18,0,-0.7
15.12.2022,18,10,-0.2
15.12.2022,18,20,0.7
15.12.2022,18,30,-0.1
15.12.2022,18,40,0.5
15.12.2022,18,50,-0.1
15.12.2022,19,0,-0.7
15.12.2022,19,10,-0.4
15.12.2022,19,20,-0.3
15.12.2022,19,30,0.1
15.12.2022,19,40,0.1
15.12.2022,19,50,0.3
15.12.2022,20,0,1.3
15.12.2022,20,10,0.6
15.12.2022,20,20,0.4
15.12.2022,20,30,1.4
15.12.2022,20,40,1.0
15.12.2022,20,50,0.9
15.12.2022,21,0,0.5
15.12.2022,21,10,0.6
15.12.2022,21,20,1.9
15.12.2022,21,30,1.1
15.12.2022,21,40,1.6
15.12.2022,21,50,1.2
15.12.2022,22,0,2.8
15.12.2022,22,10,2.1
15.12.2022,22,20,1.4
15.12.2022,22,30,2.9
15.12.2022,22,40,3.2
15.12.2022,22,50,1.9
15.12.2022,23,0,1.7
15.12.2022,23,10,2.9
15.12.2022,23,20,3.2
15.12.2022,23,30,2.8
15.12.2022,23,40,3.8
15.12.2022,23,50,2.3
16.12.2022,0,0,-11.5
16.12.2022,0,10,-10.4
16.12.2022,0,20,-11.6
16.12.2022,0,30,-10.5
16.12.2022,0,40,-10.0
16.12.2022,0,50,-10.2
16.12.2022,1,0,-11.1
16.12.2022,1,10,-11.5
16.12.2022,1,20,-11.1
16.12.2022,1,30,-10.5
16.12.2022,1,40,-9.3
16.12.2022,1,50,-10.8
16.12.2022,2,0,-9.1
16.12.2022,2,10,-10.7
16.12.2022,2,20,-9.6
16.12.2022,2,30,-10.0
16.12.2022,2,40,-10.2
16.12.2022,2,50,-8.7
16.12.2022,3,0,-9.6
16.12.2022,3,10,-9.6
16.12.2022,3,20,-10.1
16.12.2022,3,30,-8.4
16.12.2022,3,40,-8.7
16.12.2022,3,50,-9.8
16.12.2022,4,0,-9.6
16.12.2022,4,10,-9.5
16.12.2022,4,20,-8.7
16.12.2022,4,30,-8.0
16.12.2022,4,40,-8.1
16.12.2022,4,50,-8.6
16.12.2022,5,0,-8.5
16.12.2022,5,10,-8.7
16.12.2022,5,20,-7.4
16.12.2022,5,30,-7.0
16.12.2022,5,40,-6.8
16.12.2022,5,50,-7.3
16.12.2022,6,0,-8.3
16.12.2022,6,10,-7.5
16.12.2022,6,20,-6.7
16.12.2022,6,30,-7.0
16.12.2022,6,40,-6.4
16.12.2022,6,50,-7.3
16.12.2022,7,0,-7.4
16.12.2022,7,10,-6.4
16.12.2022,7,20,-6.5
16.12.2022,7,30,-7.3
16.12.2022,7,40,-7.4
16.12.2022,7,50,-6.4
16.12.2022,8,0,-7.4
16.12.2022,8,10,-6.7
16.12.2022,8,20,-5.6
16.12.2022,8,30,-5.7
16.12.2022,8,40,-5.1
16.12.2022,8,50,-6.7
16.12.2022,9,0,-6.1
16.12.2022,9,10,-6.4
16.12.2022,9,20,-6.5
16.12.2022,9,30,-5.0
16.12.2022,9,40,-5.0
16.12.2022,9,50,-5.3
16.12.2022,10,0,-6.1
16.12.2022,10,10,-5.9
16.12.2022,10,20,-5.8
16.12.2022,10,30,-5.8
16.12.2022,10,40,-4.6
16.12.2022,10,50,-3.8
16.12.2022,11,0,-4.9
16.12.2022,11,10,-3.8
16.12.2022,11,20,-5.1
16.12.2022,11,30,-3.5
16.12.2022,11,40,-5.0
16.12.2022,11,50,-4.8
16.12.2022,12,0,-3.8
16.12.2022,12,10,-3.0
16.12.2022,12,20,-3.6
16.12.2022,12,30,-3.9
16.12.2022,12,40,-4.6
16.12.2022,12,50,-4.4
16.12.2022,13,0,-2.8
16.12.2022,13,10,-4.3
16.12.2022,13,20,-2.4
16.12.2022,13,30,-3.2
16.12.2022,13,40,-3.6
16.12.2022,13,50,-3.2
16.12.2022,14,0,-2.2
16.12.2022,14,10,-3.5
16.12.2022,14,20,-2.4
16.12.2022,14,30,-2.8
16.12.2022,14,40,-3.2
16.12.2022,14,50,-3.2
16.12.2022,15,0,-1.8
16.12.2022,15,10,-2.6
16.12.2022,15,20,-2.0
16.12.2022,15,30,-1.7
16.12.2022,15,40,-1.8
16.12.2022,15,50,-2.6
16.12.2022,16,0,-2.0
16.12.2022,16,10,-0.9
16.12.2022,16,20,-1.7
16.12.2022,16,30,-0.5
16.12.2022,16,40,-1.4
16.12.2022,16,50,-1.9
16.12.2022,17,0,-1.5
16.12.2022,17,10,-1.3
16.12.2022,17,20,-1.4
16.12.2022,17,30,-1.7
16.12.2022,17,40,0.1
16.12.2022,17,50,-0.7
16.12.2022,18,0,-0.1
16.12.2022,18,10,-0.6
16.12.2022,18,20,0.2
16.12.2022,18,30,-0.1
16.12.2022,18,40,-0.9
16.12.2022,18,50,-0.7
16.12.2022,19,0,0.9
16.12.2022,19,10,0.8
16.12.2022,19,20,-0.4
16.12.2022,19,30,0.2
16.12.2022,19,40,1.1
16.12.2022,19,50,0.0
16.12.2022,20,0,0.3
16.12.2022,20,10,1.3
16.12.2022,20,20,1.9
16.12.2022,20,30,1.3
16.12.2022,20,40,1.5
16.12.2022,20,50,1.1
16.12.2022,21,0,1.7
16.12.2022,21,10,2.2
16.12.2022,21,20,0.9
16.12.2022,21,30,1.0
16.12.2022,21,40,1.8
16.12.2022,21,50,1.7
16.12.2022,22,0,1.3
16.12.2022,22,10,1.7
16.12.2022,22,20,3.1
16.12.2022,22,30,1.6
16.12.2022,22,40,2.2
16.12.2022,22,50,3.4
16.12.2022,23,0,2.9
16.12.2022,23,10,2.4
16.12.2022,23,20,3.3
16.12.2022,23,30,2.3
16.12.2022,23,40,3.6
16.12.2022,23,50,2.3
17.12.2022,0,0,-11.2
17.12.2022,0,10,-11.5
17.12.2022,0,20,-12.0
17.12.2022,0,30,-11.5
17.12.2022,0,40,-11.2
17.12.2022,0,50,-10.2
17.12.2022,1,0,-9.9
17.12.2022,1,10,-10.6
17.12.2022,1,20,-10.8
17.12.2022,1,30,-9.7
17.12.2022,1,40,-9.5
17.12.2022,1,50,-10.9
17.12.2022,2,0,-10.3
17.12.2022,2,10,-9.6
17.12.2022,2,20,-9.4
17.12.2022,2,30,-9.1
17.12.2022,2,40,-9.9
17.12.2022,2,50,-10.1
17.12.2022,3,0,-8.9
17.12.2022,3,10,-8.8
17.12.2022,3,20,-9.4
17.12.2022,3,30,-8.8
17.12.2022,3,40,-9.1
17.12.2022,3,50,-9.1
17.12.2022,4,0,-8.6
17.12.2022,4,10,-7.8
17.12.2022,4,20,-8.9
17.12.2022,4,30,-8.0
17.12.2022,4,40,-7.6
17.12.2022,4,50,-7.5
17.12.2022,5,0,-7.8
17.12.2022,5,10,-9.1
17.12.2022,5,20,-8.7
17.12.2022,5,30,-8.3
17.12.2022,5,40,-8.6
17.12.2022,5,50,-7.8
17.12.2022,6,0,-8.1
17.12.2022,6,10,-7.4
17.12.2022,6,20,-7.1
17.12.2022,6,30,-8.0
17.12.2022,6,40,-7.4
17.12.2022,6,50,-7.6
17.12.2022,7,0,-7.9
17.12.2022,7,10,-7.7
17.12.2022,7,20,-7.7
17.12.2022,7,30,-6.4
17.12.2022,7,40,-6.6
17.12.2022,7,50,-7.3
17.12.2022,8,0,-5.9
17.12.2022,8,10,-5.4
17.12.2022,8,20,-5.4
17.12.2022,8,30,-5.8
17.12.2022,8,40,-6.7
17.12.2022,8,50,-5.1
17.12.2022,9,0,-5.9
17.12.2022,9,10,-6.3
17.12.2022,9,20,-6.1
17.12.2022,9,30,-5.6
17.12.2022,9,40,-4.8
17.12.2022,9,50,-5.7
17.12.2022,10,0,-4.5
17.12.2022,10,10,-4.9
17.12.2022,10,20,-4.8
17.12.2022,10,30,-5.7
17.12.2022,10,40,-5.2
17.12.2022,10,50,-4.4
17.12.2022,11,0,-4.6
17.12.2022,11,10,-3.5
17.12.2022,11,20,-5.4
17.12.2022,11,30,-4.8
17.12.2022,11,40,-3.6
17.12.2022,11,50,-4.7
17.12.2022,12,0,-3.3
17.12.2022,12,10,-4.1
17.12.2022,12,20,-4.5
17.12.2022,12,30,-3.0
17.12.2022,12,40,-3.2
17.12.2022,12,50,-3.1
17.12.2022,13,0,-3.6
17.12.2022,13,10,-3.0
17.12.2022,13,20,-3.4
17.12.2022,13,30,-2.7
17.12.2022,13,40,-3.8
17.12.2022,13,50,-3.6
17.12.2022,14,0,-1.8
17.12.2022,14,10,-2.5
17.12.2022,14,20,-2.4
17.12.2022,14,30,-3.1
17.12.2022,14,40,-1.6
17.12.2022,14,50,-3.2
17.12.2022,15,0,-1.9
17.12.2022,15,10,-1.9
17.12.2022,15,20,-1.5
17.12.2022,15,30,-1.8
17.12.2022,15,40,-2.5
17.12.2022,15,50,-1.2
17.12.2022,16,0,-1.4
17.12.2022,16,10,-0.5
17.12.2022,16,20,-0.4
17.12.2022,16,30,-0.5
17.12.2022,16,40,-1.5
17.12.2022,16,50,-0.4
17.12.2022,17,0,-0.2
17.12.2022,17,10,-1.8
17.12.2022,17,20,-1.4
17.12.2022,17,30,0.1
17.12.2022,17,40,-1.4
17.12.2022,17,50,0.4
17.12.2022,18,0,-1.0
17.12.2022,18,10,0.0
17.12.2022,18,20,-0.3
17.12.2022,18,30,-0.8
17.12.2022,18,40,0.6
17.12.2022,18,50,-0.2
17.12.2022,19,0,-0.5
17.12.2022,19,10,0.6
17.12.2022,19,20,1.3
17.12.2022,19,30,-0.1
17.12.2022,19,40,0.6
17.12.2022,19,50,1.0
17.12.2022,20,0,0.3
17.12.2022,20,10,0.5
17.12.2022,20,20,1.8
17.12.2022,20,30,0.5
17.12.2022,20,40,1.2
17.12.2022,20,50,1.1
17.12.2022,21,0,0.6
17.12.2022,21,10,0.8
17.12.2022,21,20,0.8
17.12.2022,21,30,1.9
17.12.2022,21,40,1.0
17.12.2022,21,50,1.9
17.12.2022,22,0,2.8
17.12.2022,22,10,1.9
17.12.2022,22,20,2.9
17.12.2022,22,30,1.6
17.12.2022,22,40,3.2
17.12.2022,22,50,1.8
17.12.2022,23,0,2.3
17.12.2022,23,10,3.2
17.12.2022,23,20,3.7
17.12.2022,23,30,2.0
17.12.2022,23,40,2.7
17.12.2022,23,50,3.5
18.12.2022,0,0,-10.9
18.12.2022,0,10,-11.4
18.12.2022,0,20,-11.3
18.12.2022,0,30,-10.8
18.12.2022,0,40,-10.2
18.12.2022,0,50,-11.1
18.12.2022,1,0,-11.4
18.12.2022,1,10,-9.5
18.12.2022,1,20,-11.2
18.12.2022,1,30,-9.5
18.12.2022,1,40,-10.5
18.12.2022,1,50,-9.3
18.12.2022,2,0,-10.1
18.12.2022,2,10,-9.0
18.12.2022,2,20,-10.8
18.12.2022,2,30,-8.8
18.12.2022,2,40,-9.4
18.12.2022,2,50,-9.0
18.12.2022,3,0,-9.3
18.12.2022,3,10,-9.9
18.12.2022,3,20,-8.4
18.12.2022,3,30,-9.1
18.12.2022,3,40,-8.1
18.12.2022,3,50,-8.8
18.12.2022,4,0,-9.7
18.12.2022,4,10,-9.6
18.12.2022,4,20,-8.4
18.12.2022,4,30,-7.7
18.12.2022,4,40,-7.4
18.12.2022,4,50,-7.5
18.12.2022,5,0,-7.8
18.12.2022,5,10,-7.5
18.12.2022,5,20,-7.8
18.12.2022,5,30,-7.3
18.12.2022,5,40,-8.1
18.12.2022,5,50,-7.0
18.12.2022,6,0,-8.5
18.12.2022,6,10,-7.2
18.12.2022,6,20,-7.8
18.12.2022,6,30,-7.4
18.12.2022,6,40,-6.8
18.12.2022,6,50,-8.0
18.12.2022,7,0,-7.3
18.12.2022,7,10,-6.6
18.12.2022,7,20,-6.4
18.12.2022,7,30,-7.0
18.12.2022,7,40,-6.5
18.12.2022,7,50,-7.4
18.12.2022,8,0,-5.6
18.12.2022,8,10,-7.0
18.12.2022,8,20,-5.5
18.12.2022,8,30,-5.2
18.12.2022,8,40,-6.3
18.12.2022,8,50,-5.7
18.12.2022,9,0,-6.6
18.12.2022,9,10,-5.9
18.12.2022,9,20,-5.6
18.12.2022,9,30,-6.1
18.12.2022,9,40,-5.3
18.12.2022,9,50,-5.9
18.12.2022,10,0,-6.1
18.12.2022,10,10,-4.3
18.12.2022,10,20,-5.5
18.12.2022,10,30,-4.8
18.12.2022,10,40,-4.8
18.12.2022,10,50,-4.0
18.12.2022,11,0,-3.7
18.12.2022,11,10,-3.6
18.12.2022,11,20,-4.8
18.12.2022,11,30,-4.3
18.12.2022,11,40,-3.6
18.12.2022,11,50,-4.0
18.12.2022,12,0,-3.9
18.12.2022,12,10,-3.6
18.12.2022,12,20,-3.9
18.12.2022,12,30,-3.3
18.12.2022,12,40,-3.3
18.12.2022,12,50,-3.6
18.12.2022,13,0,-3.8
18.12.2022,13,10,-2.7
18.12.2022,13,20,-3.8
18.12.2022,13,30,-3.7
18.12.2022,13,40,-2.9
18.12.2022,13,50,-2.1
18.12.2022,14,0,-2.4
18.12.2022,14,10,-3.3
18.12.2022,14,20,-3.1
18.12.2022,14,30,-3.0
18.12.2022,14,40,-3.3
18.12.2022,14,50,-2.8
18.12.2022,15,0,-2.4
18.12.2022,15,10,-2.9
18.12.2022,15,20,-2.6
18.12.2022,15,30,-1.0
18.12.2022,15,40,-2.7
18.12.2022,15,50,-1.3
18.12.2022,16,0,-0.8
18.12.2022,16,10,-2.0
18.12.2022,16,20,-1.8
18.12.2022,16,30,-1.5
18.12.2022,16,40,-1.2
18.12.2022,16,50,-1.3
18.12.2022,17,0,-1.3
18.12.2022,17,10,-0.7
18.12.2022,17,20,-1.5
18.12.2022,17,30,-1.5
18.12.2022,17,40,-0.1
18.12.2022,17,50,-1.3
18.12.2022,18,0,0.1
18.12.2022,18,10,-1.2
18.12.2022,18,20,-0.3
18.12.2022,18,30,-0.7
18.12.2022,18,40,0.6
18.12.2022,18,50,0.4
18.12.2022,19,0,1.1
18.12.2022,19,10,0.2
18.12.2022,19,20,1.2
18.12.2022,19,30,1.0
18.12.2022,19,40,1.6
18.12.2022,19,50,0.5
18.12.2022,20,0,1.4
18.12.2022,20,10,1.0
18.12.2022,20,20,0.4
18.12.2022,20,30,0.5
18.12.2022,20,40,1.2
18.12.2022,20,50,2.2
18.12.2022,21,0,0.4
18.12.2022,21,10,1.2
18.12.2022,21,20,1.5
18.12.2022,21,30,1.2
18.12.2022,21,40,2.4
18.12.2022,21,50,1.1
18.12.2022,22,0,2.1
18.12.2022,22,10,3.0
18.12.2022,22,20,1.7
18.12.2022,22,30,2.2
18.12.2022,22,40,2.4
18.12.2022,22,50,1.5
18.12.2022,23,0,2.5
18.12.2022,23,10,2.9
18.12.2022,23,20,3.4
18.12.2022,23,30,2.5
18.12.2022,23,40,2.7
18.12.2022,23,50,3.4
19.12.2022,0,0,-10.3
19.12.2022,0,10,-10.3
19.12.2022,0,20,-11.2
19.12.2022,0,30,-11.7
19.12.2022,0,40,-11.8
19.12.2022,0,50,-10.7
19.12.2022,1,0,-10.3
19.12.2022,1,10,-9.6
19.12.2022,1,20,-9.6
19.12.2022,1,30,-9.7
19.12.2022,1,40,-10.2
19.12.2022,1,50,-10.4
19.12.2022,2,0,-9.5
19.12.2022,2,10,-9.5
19.12.2022,2,20,-9.8
19.12.2022,2,30,-10.3
19.12.2022,2,40,-9.4
19.12.2022,2,50,-10.0
19.12.2022,3,0,-8.8
19.12.2022,3,10,-8.5
19.12.2022,3,20,-9.2
19.12.2022,3,30,-8.5
19.12.2022,3,40,-9.0
19.12.2022,3,50,-8.6
19.12.2022,4,0,-9.2
19.12.2022,4,10,-7.9
19.12.2022,4,20,-9.2
19.12.2022,4,30,-8.7
19.12.2022,4,40,-7.6
19.12.2022,4,50,-8.2
19.12.2022,5,0,-7.7
19.12.2022,5,10,-7.9
19.12.2022,5,20,-8.1
19.12.2022,5,30,-8.5
19.12.2022,5,40,-7.7
19.12.2022,5,50,-7.7
19.12.2022,6,0,-7.3
19.12.2022,6,10,-8.2
19.12.2022,6,20,-8.4
19.12.2022,6,30,-7.1
19.12.2022,6,40,-7.5
19.12.2022,6,50,-7.7
19.12.2022,7,0,-6.7
19.12.2022,7,10,-6.1
19.12.2022,7,20,-6.6
19.12.2022,7,30,-6.2
19.12.2022,7,40,-7.2
19.12.2022,7,50,-5.8
19.12.2022,8,0,-7.3
19.12.2022,8,10,-5.8
19.12.2022,8,20,-7.0
19.12.2022,8,30,-5.7
19.12.2022,8,40,-6.3
19.12.2022,8,50,-5.2
19.12.2022,9,0,-5.1
19.12.2022,9,10,-6.3
19.12.2022,9,20,-5.5
19.12.2022,9,30,-5.8
19.12.2022,9,40,-5.7
19.12.2022,9,50,-5.6
19.12.2022,10,0,-4.6
19.12.2022,10,10,-5.9
19.12.2022,10,20,-4.5
19.12.2022,10,30,-4.5
19.12.2022,10,40,-3.9
19.12.2022,10,50,-5.3
19.12.2022,11,0,-3.6
19.12.2022,11,10,-4.0
19.12.2022,11,20,-4.6
19.12.2022,11,30,-5.1
19.12.2022,11,40,-5.1
19.12.2022,11,50,-3.3
19.12.2022,12,0,-4.7
19.12.2022,12,10,-4.5
19.12.2022,12,20,-4.4
19.12.2022,12,30,-4.3
19.12.2022,12,40,-3.5
19.12.2022,12,50,-2.6
19.12.2022,13,0,-4.3
19.12.2022,13,10,-3.6
19.12.2022,13,20,-4.1
19.12.2022,13,30,-3.4
19.12.2022,13,40,-3.5
19.12.2022,13,50,-3.3
19.12.2022,14,0,-3.3
19.12.2022,14,10,-1.8
19.12.2022,14,20,-3.0
19.12.2022,14,30,-3.5
19.12.2022,14,40,-2.8
19.12.2022,14,50,-2.4
19.12.2022,15,0,-1.6
19.12.2022,15,10,-2.7
19.12.2022,15,20,-1.0
19.12.2022,15,30,-1.0
19.12.2022,15,40,-1.4
19.12.2022,15,50,-2.1
19.12.2022,16,0,-0.6
19.12.2022,16,10,-2.0
19.12.2022,16,20,-0.4
19.12.2022,16,30,-0.7
19.12.2022,16,40,-1.5
19.12.2022,16,50,-1.2
19.12.2022,17,0,-1.0
19.12.2022,17,10,-0.4
19.12.2022,17,20,-0.3
19.12.2022,17,30,-1.4
19.12.2022,17,40,0.0
19.12.2022,17,50,0.0
19.12.2022,18,0,-0.7
19.12.2022,18,10,-1.1
19.12.2022,18,20,0.6
19.12.2022,18,30,-0.6
19.12.2022,18,40,-0.3
19.12.2022,18,50,-0.6
19.12.2022,19,0,-0.7
19.12.2022,19,10,-0.7
19.12.2022,19,20,0.0
19.12.2022,19,30,0.5
19.12.2022,19,40,1.6
19.12.2022,19,50,0.8
19.12.2022,20,0,-0.2
19.12.2022,20,10,0.8
19.12.2022,20,20,0.6
19.12.2022,20,30,0.3
19.12.2022,20,40,1.8
19.12.2022,20,50,0.6
19.12.2022,21,0,1.4
19.12.2022,21,10,0.7
19.12.2022,21,20,2.3
19.12.2022,21,30,1.9
19.12.2022,21,40,1.5
19.12.2022,21,50,1.6
19.12.2022,22,0,1.3
19.12.2022,22,10,1.1
19.12.2022,22,20,2.8
19.12.2022,22,30,1.7
19.12.2022,22,40,1.7
19.12.2022,22,50,3.1
19.12.2022,23,0,1.7
19.12.2022,23,10,2.2
19.12.2022,23,20,1.9
19.12.2022,23,30,2.1
19.12.2022,23,40,3.8
19.12.2022,23,50,2.8
20.12.2022,0,0,-12.2
20.12.2022,0,10,-10.7
20.12.2022,0,20,-10.2
20.12.2022,0,30,-11.4
20.12.2022,0,40,-11.5
20.12.2022,0,50,-10.0
20.12.2022,1,0,-10.4
20.12.2022,1,10,-10.8
20.12.2022,1,20,-10.9
20.12.2022,1,30,-9.9
20.12.2022,1,40,-10.4
20.12.2022,1,50,-9.4
20.12.2022,2,0,-10.7
20.12.2022,2,10,-9.0
20.12.2022,2,20,-9.8
20.12.2022,2,30,-10.2
20.12.2022,2,40,-10.2
20.12.2022,2,50,-10.3
20.12.2022,3,0,-9.5
20.12.2022,3,10,-9.6
20.12.2022,3,20,-9.7
20.12.2022,3,30,-9.1
20.12.2022,3,40,-9.6
20.12.2022,3,50,-9.2
20.12.2022,4,0,-9.5
20.12.2022,4,10,-9.1
20.12.2022,4,20,-9.5
20.12.2022,4,30,-9.2
20.12.2022,4,40,-9.0
20.12.2022,4,50,-7.9
20.12.2022,5,0,-8.9
20.12.2022,5,10,-7.9
20.12.2022,5,20,-8.0
20.12.2022,5,30,-8.3
20.12.2022,5,40,-8.7
20.12.2022,5,50,-8.6
20.12.2022,6,0,-7.8
20.12.2022,6,10,-8.1
20.12.2022,6,20,-8.1
20.12.2022,6,30,-7.7
20.12.2022,6,40,-6.6
20.12.2022,6,50,-6.6
20.12.2022,7,0,-6.3
20.12.2022,7,10,-7.3
20.12.2022,7,20,-7.4
20.12.2022,7,30,-7.6
20.12.2022,7,40,-5.7
20.12.2022,7,50,-6.7
20.12.2022,8,0,-6.9
20.12.2022,8,10,-5.7
20.12.2022,8,20,-5.7
20.12.2022,8,30,-5.5
20.12.2022,8,40,-6.9
20.12.2022,8,50,-6.6
20.12.2022,9,0,-6.6
20.12.2022,9,10,-5.1
20.12.2022,9,20,-6.6
20.12.2022,9,30,-5.5
20.12.2022,9,40,-6.2
20.12.2022,9,50,-4.5
20.12.2022,10,0,-4.8
20.12.2022,10,10,-5.0
20.12.2022,10,20,-5.3
20.12.2022,10,30,-4.5
20.12.2022,10,40,-4.1
20.12.2022,10,50,-4.3
20.12.2022,11,0,-4.2
20.12.2022,11,10,-3.5
20.12.2022,11,20,-4.4
20.12.2022,11,30,-3.9
20.12.2022,11,40,-3.7
20.12.2022,11,50,-4.7
20.12.2022,12,0,-3.6
20.12.2022,12,10,-3.7
20.12.2022,12,20,-3.6
20.12.2022,12,30,-2.8
20.12.2022,12,40,-3.4
20.12.2022,12,50,-3.8
20.12.2022,13,0,-2.9
20.12.2022,13,10,-3.1
20.12.2022,13,20,-3.5
20.12.2022,13,30,-2.2
20.12.2022,13,40,-3.0
20.12.2022,13,50,-3.3
20.12.2022,14,0,-3.6
20.12.2022,14,10,-2.8
20.12.2022,14,20,-3.2
20.12.2022,14,30,-2.0
20.12.2022,14,40,-3.1
20.12.2022,14,50,-1.4
20.12.2022,15,0,-2.7
20.12.2022,15,10,-2.9
20.12.2022,15,20,-2.2
20.12.2022,15,30,-2.5
20.12.2022,15,40,-1.7
20.12.2022,15,50,-1.6
20.12.2022,16,0,-2.4
20.12.2022,16,10,-0.6
20.12.2022,16,20,-1.9
20.12.2022,16,30,-2.2
20.12.2022,16,40,-2.0
20.12.2022,16,50,-1.5
20.12.2022,17,0,-0.2
20.12.2022,17,10,-0.8
20.12.2022,17,20,-1.4
20.12.2022,17,30,0.2
20.12.2022,17,40,-0.9
20.12.2022,17,50,-0.9
20.12.2022,18,0,-0.3
20.12.2022,18,10,-0.2
20.12.2022,18,20,-0.7
20.12.2022,18,30,0.7
20.12.2022,18,40,0.1
20.12.2022,18,50,-0.4
20.12.2022,19,0,-0.8
20.12.2022,19,10,0.8
20.12.2022,19,20,1.4
20.12.2022,19,30,0.1
20.12.2022,19,40,0.2
20.12.2022,19,50,1.0
20.12.2022,20,0,0.6
20.12.2022,20,10,1.1
20.12.2022,20,20,0.6
20.12.2022,20,30,1.1
20.12.2022,20,40,1.9
20.12.2022,20,50,2.1
20.12.2022,21,0,1.6
20.12.2022,21,10,0.6
20.12.2022,21,20,1.7
20.12.2022,21,30,0.9
20.12.2022,21,40,1.3
20.12.2022,21,50,2.2
20.12.2022,22,0,1.2
20.12.2022,22,10,1.9
20.12.2022,22,20,1.3
20.12.2022,22,30,2.8
20.12.2022,22,40,1.5
20.12.2022,22,50,2.4
20.12.2022,23,0,3.1
20.12.2022,23,10,3.5
20.12.2022,23,20,2.5
20.12.2022,23,30,3.4
20.12.2022,23,40,3.4
20.12.2022,23,50,2.8
21.12.2022,0,0,-10.8
21.12.2022,0,10,-11.9
21.12.2022,0,20,-10.2
21.12.2022,0,30,-11.4
21.12.2022,0,40,-10.4
21.12.2022,0,50,-11.1
21.12.2022,1,0,-10.5
21.12.2022,1,10,-10.2
21.12.2022,1,20,-10.8
21.12.2022,1,30,-10.2
21.12.2022,1,40,-10.4
21.12.2022,1,50,-10.7
21.12.2022,2,0,-10.6
21.12.2022,2,10,-9.6
21.12.2022,2,20,-9.9
21.12.2022,2,30,-10.5
21.12.2022,2,40,-10.0
21.12.2022,2,50,-9.3
21.12.2022,3,0,-10.1
21.12.2022,3,10,-9.6
21.12.2022,3,20,-9.3
21.12.2022,3,30,-9.4
21.12.2022,3,40,-8.1
21.12.2022,3,50,-8.3
21.12.2022,4,0,-9.5
21.12.2022,4,10,-8.8
21.12.2022,4,20,-9.5
21.12.2022,4,30,-7.9
21.12.2022,4,40,-8.2
21.12.2022,4,50,-8.5
21.12.2022,5,0,-8.7
21.12.2022,5,10,-8.7
21.12.2022,5,20,-8.9
21.12.2022,5,30,-8.6
21.12.2022,5,40,-8.4
21.12.2022,5,50,-7.2
21.12.2022,6,0,-7.2
21.12.2022,6,10,-7.9
21.12.2022,6,20,-6.6
21.12.2022,6,30,-7.7
21.12.2022,6,40,-7.7
21.12.2022,6,50,-6.9
21.12.2022,7,0,-6.2
21.12.2022,7,10,-6.2
21.12.2022,7,20,-6.4
21.12.2022,7,30,-7.2
21.12.2022,7,40,-7.1
21.12.2022,7,50,-6.2
21.12.2022,8,0,-7.1
21.12.2022,8,10,-7.2
21.12.2022,8,20,-5.3
21.12.2022,8,30,-6.3
21.12.2022,8,40,-5.7
21.12.2022,8,50,-5.8
21.12.2022,9,0,-5.3
21.12.2022,9,10,-4.9
21.12.2022,9,20,-4.8
21.12.2022,9,30,-5.1
21.12.2022,9,40,-5.0
21.12.2022,9,50,-5.0
21.12.2022,10,0,-6.2
21.12.2022,10,10,-4.5
21.12.2022,10,20,-5.0
21.12.2022,10,30,-5.7
21.12.2022,10,40,-4.2
21.12.2022,10,50,-5.2
21.12.2022,11,0,-5.5
21.12.2022,11,10,-3.9
21.12.2022,11,20,-4.3
21.12.2022,11,30,-4.0
21.12.2022,11,40,-3.4
21.12.2022,11,50,-4.0
21.12.2022,12,0,-4.3
21.12.2022,12,10,-4.2
21.12.2022,12,20,-2.9
21.12.2022,12,30,-4.2
21.12.2022,12,40,-4.5
21.12.2022,12,50,-3.5
21.12.2022,13,0,-4.0
21.12.2022,13,10,-4.2
21.12.2022,13,20,-3.4
21.12.2022,13,30,-2.6
21.12.2022,13,40,-2.1
21.12.2022,13,50,-2.6
21.12.2022,14,0,-2.2
21.12.2022,14,10,-2.4
21.12.2022,14,20,-3.1
21.12.2022,14,30,-2.9
21.12.2022,14,40,-1.9
21.12.2022,14,50,-2.6
21.12.2022,15,0,-2.4
21.12.2022,15,10,-1.4
21.12.2022,15,20,-2.2
21.12.2022,15,30,-1.2
21.12.2022,15,40,-2.7
21.12.2022,15,50,-2.6
21.12.2022,16,0,-1.7
21.12.2022,16,10,-1.0
21.12.2022,16,20,-1.3
21.12.2022,16,30,-0.4
21.12.2022,16,40,-2.1
21.12.2022,16,50,-0.5
21.12.2022,17,0,-1.4
21.12.2022,17,10,-0.9
21.12.2022,17,20,-1.4
21.12.2022,17,30,-1.0
21.12.2022,17,40,-0.7
21.12.2022,17,50,0.1
21.12.2022,18,0,0.5
21.12.2022,18,10,-0.2
21.12.2022,18,20,-0.4
21.12.2022,18,30,0.0
21.12.2022,18,40,0.3
21.12.2022,18,50,0.1
21.12.2022,19,0,-0.7
21.12.2022,19,10,-0.1
21.12.2022,19,20,0.9
21.12.2022,19,30,1.1
21.12.2022,19,40,0.7
21.12.2022,19,50,1.5
21.12.2022,20,0,1.5
21.12.2022,20,10,0.9
21.12.2022,20,20,1.1
21.12.2022,20,30,0.5
21.12.2022,20,40,0.6
21.12.2022,20,50,1.7
21.12.2022,21,0,0.5
21.12.2022,21,10,0.7
21.12.2022,21,20,2.2
21.12.2022,21,30,2.5
21.12.2022,21,40,1.8
21.12.2022,21,50,1.7
21.12.2022,22,0,2.5
21.12.2022,22,10,1.6
21.12.2022,22,20,2.3
21.12.2022,22,30,1.9
21.12.2022,22,40,2.3
21.12.2022,22,50,1.8
21.12.2022,23,0,3.3
21.12.2022,23,10,2.6
21.12.2022,23,20,3.5
21.12.2022,23,30,3.1
21.12.2022,23,40,3.4
21.12.2022,23,50,2.9
22.12.2022,0,0,-11.2
22.12.2022,0,10,-11.1
22.12.2022,0,20,-10.1
22.12.2022,0,30,-10.2
22.12.2022,0,40,-10.5
22.12.2022,0,50,-11.3
22.12.2022,1,0,-9.8
22.12.2022,1,10,-11.4
22.12.2022,1,20,-11.4
22.12.2022,1,30,-10.2
22.12.2022,1,40,-10.6
22.12.2022,1,50,-10.6
22.12.2022,2,0,-11.0
22.12.2022,2,10,-10.2
22.12.2022,2,20,-9.0
22.12.2022,2,30,-9.1
22.12.2022,2,40,-8.8
22.12.2022,2,50,-8.6
22.12.2022,3,0,-9.5
22.12.2022,3,10,-9.9
22.12.2022,3,20,-9.3
22.12.2022,3,30,-8.7
22.12.2022,3,40,-8.2
22.12.2022,3,50,-8.8
22.12.2022,4,0,-9.5
22.12.2022,4,10,-8.1
22.12.2022,4,20,-8.2
22.12.2022,4,30,-8.1
22.12.2022,4,40,-9.0
22.12.2022,4,50,-9.3
22.12.2022,5,0,-7.4
22.12.2022,5,10,-8.3
22.12.2022,5,20,-8.4
22.12.2022,5,30,-7.8
22.12.2022,5,40,-7.3
22.12.2022,5,50,-6.8
22.12.2022,6,0,-7.9
22.12.2022,6,10,-8.2
22.12.2022,6,20,-6.6
22.12.2022,6,30,-6.4
22.12.2022,6,40,-7.8
22.12.2022,6,50,-6.8
22.12.2022,7,0,-7.5
22.12.2022,7,10,-6.0
22.12.2022,7,20,-6.2
22.12.2022,7,30,-7.1
22.12.2022,7,40,-6.2
22.12.2022,7,50,-5.8
22.12.2022,8,0,-7.3
22.12.2022,8,10,-6.6
22.12.2022,8,20,-6.5
22.12.2022,8,30,-5.7
22.12.2022,8,40,-5.5
22.12.2022,8,50,-6.3
22.12.2022,9,0,-5.2
22.12.2022,9,10,-6.1
22.12.2022,9,20,-5.4
22.12.2022,9,30,-5.3
22.12.2022,9,40,-4.4
22.12.2022,9,50,-4.5
22.12.2022,10,0,-5.3
22.12.2022,10,10,-4.5
22.12.2022,10,20,-5.0
22.12.2022,10,30,-5.5
22.12.2022,10,40,-4.5
22.12.2022,10,50,-5.5
22.12.2022,11,0,-4.9
22.12.2022,11,10,-4.5
22.12.2022,11,20,-3.6
22.12.2022,11,30,-3.7
22.12.2022,11,40,-5.0
22.12.2022,11,50,-4.0
22.12.2022,12,0,-3.1
22.12.2022,12,10,-3.3
22.12.2022,12,20,-3.1
22.12.2022,12,30,-3.7
22.12.2022,12,40,-4.0
22.12.2022,12,50,-2.5
22.12.2022,13,0,-3.6
22.12.2022,13,10,-2.7
22.12.2022,13,20,-2.8
22.12.2022,13,30,-3.7
22.12.2022,13,40,-2.2
22.12.2022,13,50,-2.2
22.12.2022,14,0,-1.8
22.12.2022,14,10,-3.6
22.12.2022,14,20,-2.1
22.12.2022,14,30,-2.5
22.12.2022,14,40,-2.6
22.12.2022,14,50,-2.7
22.12.2022,15,0,-2.9
22.12.2022,15,10,-2.7
22.12.2022,15,20,-3.0
22.12.2022,15,30,-2.5
22.12.2022,15,40,-1.4
22.12.2022,15,50,-2.4
22.12.2022,16,0,-1.2
22.12.2022,16,10,-2.3
22.12.2022,16,20,-2.2
22.12.2022,16,30,-0.8
22.12.2022,16,40,-2.0
22.12.2022,16,50,-1.9
22.12.2022,17,0,-0.9
22.12.2022,17,10,-1.5
22.12.2022,17,20,-1.6
22.12.2022,17,30,-1.6
22.12.2022,17,40,-0.1
22.12.2022,17,50,-0.8
22.12.2022,18,0,-0.1
22.12.2022,18,10,0.3
22.12.2022,18,20,-1.1
22.12.2022,18,30,-0.5
22.12.2022,18,40,-0.4
22.12.2022,18,50,0.9
22.12.2022,19,0,0.7
22.12.2022,19,10,-0.3
22.12.2022,19,20,0.7
22.12.2022,19,30,0.4
22.12.2022,19,40,0.4
22.12.2022,19,50,0.4
22.12.2022,20,0,0.0
22.12.2022,20,10,0.8
22.12.2022,20,20,1.5
22.12.2022,20,30,1.8
22.12.2022,20,40,2.2
22.12.2022,20,50,1.9
22.12.2022,21,0,1.5
22.12.2022,21,10,1.2
22.12.2022,21,20,2.6
22.12.2022,21,30,2.6
22.12.2022,21,40,1.0
22.12.2022,21,50,1.9
22.12.2022,22,0,1.9
22.12.2022,22,10,1.2
22.12.2022,22,20,3.0
22.12.2022,22,30,1.5
22.12.2022,22,40,2.8
22.12.2022,22,50,3.1
22.12.2022,23,0,3.2
22.12.2022,23,10,2.1
22.12.2022,23,20,3.7
22.12.2022,23,30,3.8
22.12.2022,23,40,3.8
22.12.2022,23,50,3.6
23.12.2022,0,0,-10.2
23.12.2022,0,10,-11.3
23.12.2022,0,20,-10.8
23.12.2022,0,30,-11.1
23.12.2022,0,40,-11.3
23.12.2022,0,50,-10.3
23.12.2022,1,0,-10.6
23.12.2022,1,10,-10.7
23.12.2022,1,20,-9.9
23.12.2022,1,30,-10.2
23.12.2022,1,40,-10.5
23.12.2022,1,50,-10.9
23.12.2022,2,0,-9.5
23.12.2022,2,10,-9.7
23.12.2022,2,20,-9.5
23.12.2022,2,30,-9.0
23.12.2022,2,40,-9.9
23.12.2022,2,50,-10.0
23.12.2022,3,0,-9.2
23.12.2022,3,10,-9.8
23.12.2022,3,20,-9.1
23.12.2022,3,30,-8.2
23.12.2022,3,40,-9.9
23.12.2022,3,50,-9.4
23.12.2022,4,0,-8.6
23.12.2022,4,10,-8.5
23.12.2022,4,20,-8.1
23.12.2022,4,30,-8.9
23.12.2022,4,40,-8.8
23.12.2022,4,50,-9.0
23.12.2022,5,0,-8.6
23.12.2022,5,10,-9.0
23.12.2022,5,20,-8.2
23.12.2022,5,30,-7.0
23.12.2022,5,40,-7.9
23.12.2022,5,50,-8.4
23.12.2022,6,0,-8.0
23.12.2022,6,10,-6.6
23.12.2022,6,20,-6.6
23.12.2022,6,30,-6.5
23.12.2022,6,40,-7.4
23.12.2022,6,50,-6.2
23.12.2022,7,0,-6.5
23.12.2022,7,10,-7.6
23.12.2022,7,20,-7.1
23.12.2022,7,30,-7.5
23.12.2022,7,40,-7.4
23.12.2022,7,50,-6.4
23.12.2022,8,0,-6.9
23.12.2022,8,10,-6.6
23.12.2022,8,20,-5.5
23.12.2022,8,30,-6.9
23.12.2022,8,40,-6.2
23.12.2022,8,50,-5.1
23.12.2022,9,0,-6.1
23.12.2022,9,10,-6.6
23.12.2022,9,20,-6.5
23.12.2022,9,30,-5.4
23.12.2022,9,40,-4.5
23.12.2022,9,50,-6.0
23.12.2022,10,0,-6.0
23.12.2022,10,10,-6.0
23.12.2022,10,20,-4.1
23.12.2022,10,30,-4.4
23.12.2022,10,40,-3.8
23.12.2022,10,50,-3.8
23.12.2022,11,0,-3.6
23.12.2022,11,10,-5.0
23.12.2022,11,20,-3.5
23.12.2022,11,30,-3.9
23.12.2022,11,40,-4.9
23.12.2022,11,50,-4.3
23.12.2022,12,0,-4.0
23.12.2022,12,10,-4.3
23.12.2022,12,20,-3.6
23.12.2022,12,30,-4.1
23.12.2022,12,40,-4.0
23.12.2022,12,50,-3.7
23.12.2022,13,0,-4.2
23.12.2022,13,10,-4.2
23.12.2022,13,20,-3.4
23.12.2022,13,30,-2.8
23.12.2022,13,40,-3.5
23.12.2022,13,50,-2.9
23.12.2022,14,0,-1.9
23.12.2022,14,10,-3.7
23.12.2022,14,20,-3.3
23.12.2022,14,30,-1.8
23.12.2022,14,40,-2.1
23.12.2022,14,50,-1.8
23.12.2022,15,0,-2.1
23.12.2022,15,10,-1.4
23.12.2022,15,20,-1.5
23.12.2022,15,30,-1.3
23.12.2022,15,40,-1.5
23.12.2022,15,50,-1.2
23.12.2022,16,0,-2.5
23.12.2022,16,10,-2.4
23.12.2022,16,20,-0.4
23.12.2022,16,30,-1.4
23.12.2022,16,40,-1.6
23.12.2022,16,50,-0.1
23.12.2022,17,0,-1.0
23.12.2022,17,10,-1.8
23.12.2022,17,20,-0.9
23.12.2022,17,30,-1.1
23.12.2022,17,40,-1.1
23.12.2022,17,50,0.2
23.12.2022,18,0,-0.8
23.12.2022,18,10,0.2
23.12.2022,18,20,-0.1
23.12.2022,18,30,0.8
23.12.2022,18,40,0.3
23.12.2022,18,50,0.6
23.12.2022,19,0,-0.4
23.12.2022,19,10,0.7
23.12.2022,19,20,0.8
23.12.2022,19,30,-0.3
23.12.2022,19,40,-0.1
23.12.2022,19,50,-0.1
23.12.2022,20,0,1.2
23.12.2022,20,10,-0.1
23.12.2022,20,20,0.8
23.12.2022,20,30,0.6
23.12.2022,20,40,0.4
23.12.2022,20,50,1.8
23.12.2022,21,0,1.3
23.12.2022,21,10,2.3
23.12.2022,21,20,1.1
23.12.2022,21,30,1.2
23.12.2022,21,40,2.6
23.12.2022,21,50,2.5
23.12.2022,22,0,1.1
23.12.2022,22,10,1.8
23.12.2022,22,20,1.9
23.12.2022,22,30,1.4
23.12.2022,22,40,3.0
23.12.2022,22,50,3.1
23.12.2022,23,0,1.7
23.12.2022,23,10,2.6
23.12.2022,23,20,2.2
23.12.2022,23,30,3.8
23.12.2022,23,40,2.5
23.12.2022,23,50,4.0
24.12.2022,0,0,-10.3
24.12.2022,0,10,-10.2
24.12.2022,0,20,-11.5
24.12.2022,0,30,-10.7
24.12.2022,0,40,-10.7
24.12.2022,0,50,-10.3
24.12.2022,1,0,-10.6
24.12.2022,1,10,-10.4
24.12.2022,1,20,-10.0
24.12.2022,1,30,-10.2
24.12.2022,1,40,-10.8
24.12.2022,1,50,-9.8
24.12.2022,2,0,-10.8
24.12.2022,2,10,-10.6
24.12.2022,2,20,-9.1
24.12.2022,2,30,-9.0
24.12.2022,2,40,-9.7
24.12.2022,2,50,-9.5
24.12.2022,3,0,-9.0
24.12.2022,3,10,-9.3
24.12.2022,3,20,-8.8
24.12.2022,3,30,-9.7
24.12.2022,3,40,-9.6
24.12.2022,3,50,-8.5
24.12.2022,4,0,-8.4
24.12.2022,4,10,-8.2
24.12.2022,4,20,-8.1
24.12.2022,4,30,-7.9
24.12.2022,4,40,-7.5
24.12.2022,4,50,-7.4
24.12.2022,5,0,-7.3
24.12.2022,5,10,-8.4
24.12.2022,5,20,-8.3
24.12.2022,5,30,-7.5
24.12.2022,5,40,-7.8
24.12.2022,5,50,-7.6
24.12.2022,6,0,-7.2
24.12.2022,6,10,-7.7
24.12.2022,6,20,-7.6
24.12.2022,6,30,-6.9
24.12.2022,6,40,-6.9
24.12.2022,6,50,-7.3
24.12.2022,7,0,-7.1
24.12.2022,7,10,-6.3
24.12.2022,7,20,-7.7
24.12.2022,7,30,-5.8
24.12.2022,7,40,-6.5
24.12.2022,7,50,-6.5
24.12.2022,8,0,-6.3
24.12.2022,8,10,-7.0
24.12.2022,8,20,-7.1
24.12.2022,8,30,-6.3
24.12.2022,8,40,-5.6
24.12.2022,8,50,-5.6
24.12.2022,9,0,-6.2
24.12.2022,9,10,-4.9
24.12.2022,9,20,-5.8
24.12.2022,9,30,-6.2
24.12.2022,9,40,-6.1
24.12.2022,9,50,-4.9
24.12.2022,10,0,-5.3
24.12.2022,10,10,-5.0
24.12.2022,10,20,-5.0
24.12.2022,10,30,-5.8
24.12.2022,10,40,-5.0
24.12.2022,10,50,-3.9
24.12.2022,11,0,-4.4
24.12.2022,11,10,-4.8
24.12.2022,11,20,-5.4
24.12.2022,11,30,-4.9
24.12.2022,11,40,-3.8
24.12.2022,11,50,-3.7
24.12.2022,12,0,-4.8
24.12.2022,12,10,-3.7
24.12.2022,12,20,-3.0
24.12.2022,12,30,-3.9
24.12.2022,12,40,-3.1
24.12.2022,12,50,-3.7
24.12.2022,13,0,-2.5
24.12.2022,13,10,-2.4
24.12.2022,13,20,-4.2
24.12.2022,13,30,-4.0
24.12.2022,13,40,-3.4
24.12.2022,13,50,-3.0
24.12.2022,14,0,-3.5
24.12.2022,14,10,-3.7
24.12.2022,14,20,-3.5
24.12.2022,14,30,-3.4
24.12.2022,14,40,-3.0
24.12.2022,14,50,-2.2
24.12.2022,15,0,-1.5
24.12.2022,15,10,-2.0
24.12.2022,15,20,-2.7
24.12.2022,15,30,-2.8
24.12.2022,15,40,-1.5
24.12.2022,15,50,-1.7
24.12.2022,16,0,-1.8
24.12.2022,16,10,-0.6
24.12.2022,16,20,-1.3
24.12.2022,16,30,-1.5
24.12.2022,16,40,-0.6
24.12.2022,16,50,-1.5
24.12.2022,17,0,-1.1
24.12.2022,17,10,-0.4
24.12.2022,17,20,0.2
24.12.2022,17,30,-1.1
24.12.2022,17,40,-1.2
24.12.2022,17,50,-0.7
24.12.2022,18,0,-1.4
24.12.2022,18,10,0.0
24.12.2022,18,20,-0.3
24.12.2022,18,30,-0.5
24.12.2022,18,40,0.6
24.12.2022,18,50,0.5
24.12.2022,19,0,-0.2
24.12.2022,19,10,1.2
24.12.2022,19,20,0.5
24.12.2022,19,30,1.3
24.12.2022,19,40,0.4
24.12.2022,19,50,1.1
24.12.2022,20,0,1.2
24.12.2022,20,10,0.4
24.12.2022,20,20,1.4
24.12.2022,20,30,0.3
24.12.2022,20,40,1.4
24.12.2022,20,50,0.7
24.12.2022,21,0,1.4
24.12.2022,21,10,1.8
24.12.2022,21,20,1.8
24.12.2022,21,30,1.6
24.12.2022,21,40,1.4
24.12.2022,21,50,0.9
24.12.2022,22,0,1.8
24.12.2022,22,10,2.7
24.12.2022,22,20,2.3
24.12.2022,22,30,1.8
24.12.2022,22,40,3.1
24.12.2022,22,50,1.9
24.12.2022,23,0,2.2
24.12.2022,23,10,2.0
24.12.2022,23,20,3.5
24.12.2022,23,30,2.0
24.12.2022,23,40,3.8
24.12.2022,23,50,3.5
25.12.2022,0,0,-12.2
25.12.2022,0,10,-11.2
25.12.2022,0,20,-10.0
25.12.2022,0,30,-11.8
25.12.2022,0,40,-9.8
25.12.2022,0,50,-11.4
25.12.2022,1,0,-10.8
25.12.2022,1,10,-10.5
25.12.2022,1,20,-9.4
25.12.2022,1,30,-10.6
25.12.2022,1,40,-10.1
25.12.2022,1,50,-9.5
25.12.2022,2,0,-10.5
25.12.2022,2,10,-10.1
25.12.2022,2,20,-8.8
25.12.2022,2,30,-9.0
25.12.2022,2,40,-10.5
25.12.2022,2,50,-8.6
25.12.2022,3,0,-8.7
25.12.2022,3,10,-9.0
25.12.2022,3,20,-8.5
25.12.2022,3,30,-9.8
25.12.2022,3,40,-8.9
25.12.2022,3,50,-8.0
25.12.2022,4,0,-9.8
25.12.2022,4,10,-8.4
25.12.2022,4,20,-7.8
25.12.2022,4,30,-8.4
25.12.2022,4,40,-8.2
25.12.2022,4,50,-7.4
25.12.2022,5,0,-7.3
25.12.2022,5,10,-8.9
25.12.2022,5,20,-8.0
25.12.2022,5,30,-8.2
25.12.2022,5,40,-6.9
25.12.2022,5,50,-8.3
25.12.2022,6,0,-6.8
25.12.2022,6,10,-8.3
25.12.2022,6,20,-7.8
25.12.2022,6,30,-7.2
25.12.2022,6,40,-6.9
25.12.2022,6,50,-7.4
25.12.2022,7,0,-6.8
25.12.2022,7,10,-6.7
25.12.2022,7,20,-7.3
25.12.2022,7,30,-7.5
25.12.2022,7,40,-6.4
25.12.2022,7,50,-6.9
25.12.2022,8,0,-6.2
25.12.2022,8,10,-5.4
25.12.2022,8,20,-5.9
25.12.2022,8,30,-5.3
25.12.2022,8,40,-5.4
25.12.2022,8,50,-5.4
25.12.2022,9,0,-5.1
25.12.2022,9,10,-6.2
25.12.2022,9,20,-4.6
25.12.2022,9,30,-4.8
25.12.2022,9,40,-4.6
25.12.2022,9,50,-5.6
25.12.2022,10,0,-5.2
25.12.2022,10,10,-5.7
25.12.2022,10,20,-4.3
25.12.2022,10,30,-4.6
25.12.2022,10,40,-5.2
25.12.2022,10,50,-5.5
25.12.2022,11,0,-4.8
25.12.2022,11,10,-4.9
25.12.2022,11,20,-4.2
25.12.2022,11,30,-4.8
25.12.2022,11,40,-4.0
25.12.2022,11,50,-4.1
25.12.2022,12,0,-3.4
25.12.2022,12,10,-4.4
25.12.2022,12,20,-4.7
25.12.2022,12,30,-2.8
25.12.2022,12,40,-3.8
25.12.2022,12,50,-3.1
25.12.2022,13,0,-4.1
25.12.2022,13,10,-3.3
25.12.2022,13,20,-3.8
25.12.2022,13,30,-3.9
25.12.2022,13,40,-2.1
25.12.2022,13,50,-2.9
25.12.2022,14,0,-3.7
25.12.2022,14,10,-1.9
25.12.2022,14,20,-3.2
25.12.2022,14,30,-2.0
25.12.2022,14,40,-3.1
25.12.2022,14,50,-3.2
25.12.2022,15,0,-3.2
25.12.2022,15,10,-1.6
25.12.2022,15,20,-1.6
25.12.2022,15,30,-1.0
25.12.2022,15,40,-1.9
25.12.2022,15,50,-1.3
25.12.2022,16,0,-0.9
25.12.2022,16,10,-1.0
25.12.2022,16,20,-2.1
25.12.2022,16,30,-1.4
25.12.2022,16,40,-1.6
25.12.2022,16,50,-1.4
25.12.2022,17,0,-1.4
25.12.2022,17,10,-1.3
25.12.2022,17,20,-0.3
25.12.2022,17,30,-0.9
25.12.2022,17,40,-1.1
25.12.2022,17,50,-0.2
25.12.2022,18,0,-0.1
25.12.2022,18,10,-0.3
25.12.2022,18,20,-0.4
25.12.2022,18,30,0.7
25.12.2022,18,40,0.9
25.12.2022,18,50,-0.5
25.12.2022,19,0,-0.5
25.12.2022,19,10,1.3
25.12.2022,19,20,0.4
25.12.2022,19,30,0.9
25.12.2022,19,40,1.0
25.12.2022,19,50,0.9
25.12.2022,20,0,1.1
25.12.2022,20,10,0.2
25.12.2022,20,20,1.9
25.12.2022,20,30,1.5
25.12.2022,20,40,1.2
25.12.2022,20,50,1.8
25.12.2022,21,0,0.9
25.12.2022,21,10,1.2
25.12.2022,21,20,2.2
25.12.2022,21,30,1.4
25.12.2022,21,40,2.4
25.12.2022,21,50,1.4
25.12.2022,22,0,1.1
25.12.2022,22,10,1.3
25.12.2022,22,20,2.0
25.12.2022,22,30,3.0
25.12.2022,22,40,3.3
25.12.2022,22,50,2.3
25.12.2022,23,0,2.0
25.12.2022,23,10,3.1
25.12.2022,23,20,2.1
25.12.2022,23,30,2.7
25.12.2022,23,40,2.4
25.12.2022,23,50,2.5
26.12.2022,0,0,-11.8
26.12.2022,0,10,-11.9
26.12.2022,0,20,-11.8
26.12.2022,0,30,-11.6
26.12.2022,0,40,-10.9
26.12.2022,0,50,-11.6
26.12.2022,1,0,-11.0
26.12.2022,1,10,-10.6
26.12.2022,1,20,-9.9
26.12.2022,1,30,-11.1
26.12.2022,1,40,-10.0
26.12.2022,1,50,-9.8
26.12.2022,2,0,-9.6
26.12.2022,2,10,-9.8
26.12.2022,2,20,-9.2
26.12.2022,2,30,-9.3
26.12.2022,2,40,-10.5
26.12.2022,2,50,-8.7
26.12.2022,3,0,-9.6
26.12.2022,3,10,-8.7
26.12.2022,3,20,-9.8
26.12.2022,3,30,-9.0
26.12.2022,3,40,-8.3
26.12.2022,3,50,-9.0
26.12.2022,4,0,-9.1
26.12.2022,4,10,-9.4
26.12.2022,4,20,-9.5
26.12.2022,4,30,-8.4
26.12.2022,4,40,-8.3
26.12.2022,4,50,-9.1
26.12.2022,5,0,-8.3
26.12.2022,5,10,-8.4
26.12.2022,5,20,-8.1
26.12.2022,5,30,-7.8
26.12.2022,5,40,-8.3
26.12.2022,5,50,-8.3
26.12.2022,6,0,-7.1
26.12.2022,6,10,-7.3
26.12.2022,6,20,-8.2
26.12.2022,6,30,-7.4
26.12.2022,6,40,-7.2
26.12.2022,6,50,-6.2
26.12.2022,7,0,-7.4
26.12.2022,7,10,-7.2
26.12.2022,7,20,-7.3
26.12.2022,7,30,-7.5
26.12.2022,7,40,-6.6
26.12.2022,7,50,-7.1
26.12.2022,8,0,-6.1
26.12.2022,8,10,-6.2
26.12.2022,8,20,-7.1
26.12.2022,8,30,-6.7
26.12.2022,8,40,-5.3
26.12.2022,8,50,-5.8
26.12.2022,9,0,-6.4
26.12.2022,9,10,-5.8
26.12.2022,9,20,-6.1
26.12.2022,9,30,-5.4
26.12.2022,9,40,-4.6
26.12.2022,9,50,-6.0
26.12.2022,10,0,-5.2
26.12.2022,10,10,-4.3
26.12.2022,10,20,-4.1
26.12.2022,10,30,-3.9
26.12.2022,10,40,-4.0
26.12.2022,10,50,-4.8
26.12.2022,11,0,-4.1
26.12.2022,11,10,-5.0
26.12.2022,11,20,-4.0
26.12.2022,11,30,-4.3
26.12.2022,11,40,-4.5
26.12.2022,11,50,-3.8
26.12.2022,12,0,-3.8
26.12.2022,12,10,-3.1
26.12.2022,12,20,-3.2
26.12.2022,12,30,-2.8
26.12.2022,12,40,-3.6
26.12.2022,12,50,-3.1
26.12.2022,13,0,-4.2
26.12.2022,13,10,-3.1
26.12.2022,13,20,-2.4
26.12.2022,13,30,-3.8
26.12.2022,13,40,-3.6
26.12.2022,13,50,-2.9
26.12.2022,14,0,-2.8
26.12.2022,14,10,-3.6
26.12.2022,14,20,-2.3
26.12.2022,14,30,-3.1
26.12.2022,14,40,-2.7
26.12.2022,14,50,-1.7
26.12.2022,15,0,-1.3
26.12.2022,15,10,-1.6
26.12.2022,15,20,-1.8
26.12.2022,15,30,-1.1
26.12.2022,15,40,-2.0
26.12.2022,15,50,-1.3
26.12.2022,16,0,-1.7
26.12.2022,16,10,-2.3
26.12.2022,16,20,-2.1
26.12.2022,16,30,-1.9
26.12.2022,16,40,-1.9
26.12.2022,16,50,-0.5
26.12.2022,17,0,-0.3
26.12.2022,17,10,-0.8
26.12.2022,17,20,0.1
26.12.2022,17,30,-0.2
26.12.2022,17,40,0.2
26.12.2022,17,50,-1.4
26.12.2022,18,0,-0.3
26.12.2022,18,10,-0.3
26.12.2022,18,20,0.2
26.12.2022,18,30,0.3
26.12.2022,18,40,0.4
26.12.2022,18,50,-0.5
26.12.2022,19,0,0.0
26.12.2022,19,10,-0.3
26.12.2022,19,20,0.2
26.12.2022,19,30,1.1
26.12.2022,19,40,1.5
26.12.2022,19,50,-0.3
26.12.2022,20,0,0.9
26.12.2022,20,10,0.7
26.12.2022,20,20,0.7
26.12.2022,20,30,1.0
26.12.2022,20,40,1.5
26.12.2022,20,50,2.2
26.12.2022,21,0,1.6
26.12.2022,21,10,0.9
26.12.2022,21,20,2.1
26.12.2022,21,30,2.1
26.12.2022,21,40,2.3
26.12.2022,21,50,1.9
26.12.2022,22,0,1.9
26.12.2022,22,10,2.2
26.12.2022,22,20,1.6
26.12.2022,22,30,2.1
26.12.2022,22,40,2.2
26.12.2022,22,50,2.4
26.12.2022,23,0,2.4
26.12.2022,23,10,3.4
26.12.2022,23,20,2.5
26.12.2022,23,30,3.8
26.12.2022,23,40,3.5
26.12.2022,23,50,3.4
27.12.2022,0,0,-11.8
27.12.2022,0,10,-11.6
27.12.2022,0,20,-11.0
27.12.2022,0,30,-11.1
27.12.2022,0,40,-10.7
27.12.2022,0,50,-11.4
27.12.2022,1,0,-11.4
27.12.2022,1,10,-11.2
27.12.2022,1,20,-9.8
27.12.2022,1,30,-9.4
27.12.2022,1,40,-9.6
27.12.2022,1,50,-9.5
27.12.2022,2,0,-9.8
27.12.2022,2,10,-9.1
27.12.2022,2,20,-10.6
27.12.2022,2,30,-10.3
27.12.2022,2,40,-8.8
27.12.2022,2,50,-9.0
27.12.2022,3,0,-9.9
27.12.2022,3,10,-9.2
27.12.2022,3,20,-9.0
27.12.2022,3,30,-8.3
27.12.2022,3,40,-8.4
27.12.2022,3,50,-8.0
27.12.2022,4,0,-9.7
27.12.2022,4,10,-9.1
27.12.2022,4,20,-8.0
27.12.2022,4,30,-8.0
27.12.2022,4,40,-8.9
27.12.2022,4,50,-9.0
27.12.2022,5,0,-7.9
27.12.2022,5,10,-7.5
27.12.2022,5,20,-8.3
27.12.2022,5,30,-8.8
27.12.2022,5,40,-8.5
27.12.2022,5,50,-8.6
27.12.2022,6,0,-7.0
27.12.2022,6,10,-7.7
27.12.2022,6,20,-8.0
27.12.2022,6,30,-7.6
27.12.2022,6,40,-7.8
27.12.2022,6,50,-7.2
27.12.2022,7,0,-7.7
27.12.2022,7,10,-6.6
27.12.2022,7,20,-6.6
27.12.2022,7,30,-6.4
27.12.2022,7,40,-5.7
27.12.2022,7,50,-7.4
27.12.2022,8,0,-5.5
27.12.2022,8,10,-6.8
27.12.2022,8,20,-5.6
27.12.2022,8,30,-6.0
27.12.2022,8,40,-6.8
27.12.2022,8,50,-6.2
27.12.2022,9,0,-5.5
27.12.2022,9,10,-5.7
27.12.2022,9,20,-5.7
27.12.2022,9,30,-4.8
27.12.2022,9,40,-4.5
27.12.2022,9,50,-4.9
27.12.2022,10,0,-5.9
27.12.2022,10,10,-5.7
27.12.2022,10,20,-6.0
27.12.2022,10,30,-4.5
27.12.2022,10,40,-4.7
27.12.2022,10,50,-4.9
27.12.2022,11,0,-5.6
27.12.2022,11,10,-4.7
27.12.2022,11,20,-4.1
27.12.2022,11,30,-5.0
27.12.2022,11,40,-4.1
27.12.2022,11,50,-4.0
27.12.2022,12,0,-4.3
27.12.2022,12,10,-3.2
27.12.2022,12,20,-4.6
27.12.2022,12,30,-3.8
27.12.2022,12,40,-3.9
27.12.2022,12,50,-3.8
27.12.2022,13,0,-3.3
27.12.2022,13,10,-2.7
27.12.2022,13,20,-3.6
27.12.2022,13,30,-3.5
27.12.2022,13,40,-2.2
27.12.2022,13,50,-2.5
27.12.2022,14,0,-3.4
27.12.2022,14,10,-3.3
27.12.2022,14,20,-2.7
27.12.2022,14,30,-2.9
27.12.2022,14,40,-2.4
27.12.2022,14,50,-3.0
27.12.2022,15,0,-3.1
27.12.2022,15,10,-2.8
27.12.2022,15,20,-1.0
27.12.2022,15,30,-1.5
27.12.2022,15,40,-1.2
27.12.2022,15,50,-1.6
27.12.2022,16,0,-2.5
27.12.2022,16,10,-2.3
27.12.2022,16,20,-0.6
27.12.2022,16,30,-2.0
27.12.2022,16,40,-0.4
27.12.2022,16,50,-0.9
27.12.2022,17,0,-0.5
27.12.2022,17,10,-1.7
27.12.2022,17,20,-0.5
27.12.2022,17,30,-0.9
27.12.2022,17,40,-0.1
27.12.2022,17,50,-0.7
27.12.2022,18,0,-1.1
27.12.2022,18,10,-0.7
27.12.2022,18,20,0.2
27.12.2022,18,30,-0.1
27.12.2022,18,40,0.0
27.12.2022,18,50,0.3
27.12.2022,19,0,1.1
27.12.2022,19,10,0.1
27.12.2022,19,20,-0.1
27.12.2022,19,30,0.6
27.12.2022,19,40,-0.1
27.12.2022,19,50,0.9
27.12.2022,20,0,1.8
27.12.2022,20,10,1.4
27.12.2022,20,20,1.5
27.12.2022,20,30,0.9
27.12.2022,20,40,1.0
27.12.2022,20,50,0.8
27.12.2022,21,0,0.5
27.12.2022,21,10,1.2
27.12.2022,21,20,2.0
27.12.2022,21,30,1.5
27.12.2022,21,40,2.7
27.12.2022,21,50,2.4
27.12.2022,22,0,1.6
27.12.2022,22,10,3.0
27.12.2022,22,20,2.4
27.12.2022,22,30,2.8
27.12.2022,22,40,3.0
27.12.2022,22,50,2.8
27.12.2022,23,0,3.3
27.12.2022,23,10,3.4
27.12.2022,23,20,2.1
27.12.2022,23,30,2.8
27.12.2022,23,40,3.9
27.12.2022,23,50,2.6
28.12.2022,0,0,-12.0
28.12.2022,0,10,-11.6
28.12.2022,0,20,-11.6
28.12.2022,0,30,-11.2
28.12.2022,0,40,-9.9
28.12.2022,0,50,-11.3
28.12.2022,1,0,-10.2
28.12.2022,1,10,-9.5
28.12.2022,1,20,-11.4
28.12.2022,1,30,-10.3
28.12.2022,1,40,-11.0
28.12.2022,1,50,-9.3
28.12.2022,2,0,-10.6
28.12.2022,2,10,-10.2
28.12.2022,2,20,-9.6
28.12.2022,2,30,-9.9
28.12.2022,2,40,-10.0
28.12.2022,2,50,-9.9
28.12.2022,3,0,-9.7
28.12.2022,3,10,-9.1
28.12.2022,3,20,-9.5
28.12.2022,3,30,-9.1
28.12.2022,3,40,-9.2
28.12.2022,3,50,-8.2
28.12.2022,4,0,-8.3
28.12.2022,4,10,-8.4
28.12.2022,4,20,-8.4
28.12.2022,4,30,-9.5
28.12.2022,4,40,-8.6
28.12.2022,4,50,-8.0
28.12.2022,5,0,-8.5
28.12.2022,5,10,-8.5
28.12.2022,5,20,-8.7
28.12.2022,5,30,-7.7
28.12.2022,5,40,-7.9
28.12.2022,5,50,-6.8
28.12.2022,6,0,-6.9
28.12.2022,6,10,-6.6
28.12.2022,6,20,-8.2
28.12.2022,6,30,-8.0
28.12.2022,6,40,-7.6
28.12.2022,6,50,-7.8
28.12.2022,7,0,-7.0
28.12.2022,7,10,-7.5
28.12.2022,7,20,-6.4
28.12.2022,7,30,-7.3
28.12.2022,7,40,-6.0
28.12.2022,7,50,-7.0
28.12.2022,8,0,-5.5
28.12.2022,8,10,-7.2
28.12.2022,8,20,-7.2
28.12.2022,8,30,-6.2
28.12.2022,8,40,-5.4
28.12.2022,8,50,-5.4
28.12.2022,9,0,-6.6
28.12.2022,9,10,-5.8
28.12.2022,9,20,-5.4
28.12.2022,9,30,-5.6
28.12.2022,9,40,-5.4
28.12.2022,9,50,-6.2
28.12.2022,10,0,-5.9
28.12.2022,10,10,-5.0
28.12.2022,10,20,-4.9
28.12.2022,10,30,-4.5
28.12.2022,10,40,-5.3
28.12.2022,10,50,-4.6
28.12.2022,11,0,-4.4
28.12.2022,11,10,-5.3
28.12.2022,11,20,-4.7
28.12.2022,11,30,-5.3
28.12.2022,11,40,-4.3
28.12.2022,11,50,-4.6
28.12.2022,12,0,-3.4
28.12.2022,12,10,-3.6
28.12.2022,12,20,-3.6
28.12.2022,12,30,-3.8
28.12.2022,12,40,-3.0
28.12.2022,12,50,-3.2
28.12.2022,13,0,-3.4
28.12.2022,13,10,-3.9
28.12.2022,13,20,-2.9
28.12.2022,13,30,-2.6
28.12.2022,13,40,-3.4
28.12.2022,13,50,-2.1
28.12.2022,14,0,-2.2
28.12.2022,14,10,-2.2
28.12.2022,14,20,-2.0
28.12.2022,14,30,-1.5
28.12.2022,14,40,-2.8
28.12.2022,14,50,-3.3
28.12.2022,15,0,-1.5
28.12.2022,15,10,-1.9
28.12.2022,15,20,-1.3
28.12.2022,15,30,-2.7
28.12.2022,15,40,-2.1
28.12.2022,15,50,-2.6
28.12.2022,16,0,-2.3
28.12.2022,16,10,-0.7
28.12.2022,16,20,-2.0
28.12.2022,16,30,-0.3
28.12.2022,16,40,-0.4
28.12.2022,16,50,-1.2
28.12.2022,17,0,-0.4
28.12.2022,17,10,-0.6
28.12.2022,17,20,-1.1
28.12.2022,17,30,-1.4
28.12.2022,17,40,-0.3
28.12.2022,17,50,-0.3
28.12.2022,18,0,0.1
28.12.2022,18,10,-1.1
28.12.2022,18,20,0.1
28.12.2022,18,30,-0.5
28.12.2022,18,40,0.4
28.12.2022,18,50,-0.8
28.12.2022,19,0,0.0
28.12.2022,19,10,-0.1
28.12.2022,19,20,-0.5
28.12.2022,19,30,1.0
28.12.2022,19,40,-0.3
28.12.2022,19,50,0.0
28.12.2022,20,0,0.7
28.12.2022,20,10,1.0
28.12.2022,20,20,1.6
28.12.2022,20,30,0.4
28.12.2022,20,40,0.5
28.12.2022,20,50,1.6
28.12.2022,21,0,2.2
28.12.2022,21,10,2.0
28.12.2022,21,20,1.4
28.12.2022,21,30,2.0
28.12.2022,21,40,2.1
28.12.2022,21,50,2.6
28.12.2022,22,0,2.8
28.12.2022,22,10,1.4
28.12.2022,22,20,1.4
28.12.2022,22,30,2.0
28.12.2022,22,40,2.2
28.12.2022,22,50,2.7
28.12.2022,23,0,2.3
28.12.2022,23,10,3.1
28.12.2022,23,20,3.6
28.12.2022,23,30,3.7
28.12.2022,23,40,3.7
28.12.2022,23,50,4.0
29.12.2022,0,0,-10.3
29.12.2022,0,10,-10.5
29.12.2022,0,20,-10.7
29.12.2022,0,30,-11.8
29.12.2022,0,40,-10.8
29.12.2022,0,50,-10.3
29.12.2022,1,0,-9.7
29.12.2022,1,10,-10.2
29.12.2022,1,20,-9.4
29.12.2022,1,30,-10.3
29.12.2022,1,40,-10.8
29.12.2022,1,50,-10.5
29.12.2022,2,0,-10.2
29.12.2022,2,10,-10.5
29.12.2022,2,20,-9.2
29.12.2022,2,30,-8.9
29.12.2022,2,40,-8.6
29.12.2022,2,50,-9.2
29.12.2022,3,0,-8.6
29.12.2022,3,10,-9.1
29.12.2022,3,20,-8.7
29.12.2022,3,30,-9.0
29.12.2022,3,40,-8.8
29.12.2022,3,50,-9.7
29.12.2022,4,0,-9.2
29.12.2022,4,10,-9.0
29.12.2022,4,20,-8.8
29.12.2022,4,30,-8.1
29.12.2022,4,40,-9.1
29.12.2022,4,50,-7.6
29.12.2022,5,0,-9.2
29.12.2022,5,10,-8.1
29.12.2022,5,20,-7.5
29.12.2022,5,30,-7.7
29.12.2022,5,40,-7.0
29.12.2022,5,50,-7.1
29.12.2022,6,0,-7.9
29.12.2022,6,10,-7.4
29.12.2022,6,20,-6.6
29.12.2022,6,30,-6.4
29.12.2022,6,40,-7.6
29.12.2022,6,50,-6.3
29.12.2022,7,0,-7.8
29.12.2022,7,10,-6.0
29.12.2022,7,20,-6.2
29.12.2022,7,30,-5.7
29.12.2022,7,40,-7.0
29.12.2022,7,50,-5.6
29.12.2022,8,0,-6.7
29.12.2022,8,10,-5.8
29.12.2022,8,20,-6.9
29.12.2022,8,30,-5.9
29.12.2022,8,40,-5.5
29.12.2022,8,50,-5.5
29.12.2022,9,0,-6.2
29.12.2022,9,10,-6.4
29.12.2022,9,20,-5.4
29.12.2022,9,30,-6.1
29.12.2022,9,40,-5.2
29.12.2022,9,50,-5.1
29.12.2022,10,0,-5.5
29.12.2022,10,10,-5.2
29.12.2022,10,20,-4.3
29.12.2022,10,30,-4.3
29.12.2022,10,40,-5.3
29.12.2022,10,50,-4.9
29.12.2022,11,0,-5.2
29.12.2022,11,10,-4.4
29.12.2022,11,20,-4.3
29.12.2022,11,30,-3.8
29.12.2022,11,40,-4.4
29.12.2022,11,50,-4.8
29.12.2022,12,0,-4.0
29.12.2022,12,10,-4.5
29.12.2022,12,20,-3.2
29.12.2022,12,30,-4.6
29.12.2022,12,40,-4.3
29.12.2022,12,50,-4.2
29.12.2022,13,0,-2.8
29.12.2022,13,10,-4.2
29.12.2022,13,20,-2.6
29.12.2022,13,30,-3.4
29.12.2022,13,40,-3.6
29.12.2022,13,50,-1.9
29.12.2022,14,0,-3.2
29.12.2022,14,10,-2.4
29.12.2022,14,20,-3.4
29.12.2022,14,30,-3.3
29.12.2022,14,40,-1.8
29.12.2022,14,50,-1.9
29.12.2022,15,0,-3.2
29.12.2022,15,10,-1.9
29.12.2022,15,20,-1.6
29.12.2022,15,30,-1.8
29.12.2022,15,40,-1.0
29.12.2022,15,50,-2.2
29.12.2022,16,0,-2.0
29.12.2022,16,10,-2.4
29.12.2022,16,20,-1.7
29.12.2022,16,30,-1.6
29.12.2022,16,40,-1.4
29.12.2022,16,50,-1.1
29.12.2022,17,0,-1.1
29.12.2022,17,10,-0.7
29.12.2022,17,20,0.1
29.12.2022,17,30,-0.1
29.12.2022,17,40,0.2
29.12.2022,17,50,-0.8
29.12.2022,18,0,-1.1
29.12.2022,18,10,-0.7
29.12.2022,18,20,-0.3
29.12.2022,18,30,-0.5
29.12.2022,18,40,0.1
29.12.2022,18,50,-0.4
29.12.2022,19,0,0.6
29.12.2022,19,10,-0.4
29.12.2022,19,20,-0.1
29.12.2022,19,30,-0.4
29.12.2022,19,40,-0.1
29.12.2022,19,50,0.7
29.12.2022,20,0,0.8
29.12.2022,20,10,1.2
29.12.2022,20,20,0.6
29.12.2022,20,30,0.8
29.12.2022,20,40,1.1
29.12.2022,20,50,1.6
29.12.2022,21,0,0.7
29.12.2022,21,10,1.6
29.12.2022,21,20,2.1
29.12.2022,21,30,2.4
29.12.2022,21,40,1.5
29.12.2022,21,50,2.4
29.12.2022,22,0,2.2
29.12.2022,22,10,1.7
29.12.2022,22,20,1.7
29.12.2022,22,30,2.4
29.12.2022,22,40,1.8
29.12.2022,22,50,2.7
29.12.2022,23,0,3.4
29.12.2022,23,10,3.2
29.12.2022,23,20,3.5
29.12.2022,23,30,3.1
29.12.2022,23,40,3.4
29.12.2022,23,50,3.7
30.12.2022,0,0,-11.5
30.12.2022,0,10,-11.3
30.12.2022,0,20,-11.4
30.12.2022,0,30,-11.5
30.12.2022,0,40,-10.6
30.12.2022,0,50,-9.7
30.12.2022,1,0,-11.3
30.12.2022,1,10,-10.1
30.12.2022,1,20,-11.3
30.12.2022,1,30,-10.5
30.12.2022,1,40,-9.9
30.12.2022,1,50,-10.8
30.12.2022,2,0,-9.2
30.12.2022,2,10,-10.5
30.12.2022,2,20,-10.5
30.12.2022,2,30,-8.8
30.12.2022,2,40,-8.7
30.12.2022,2,50,-9.2
30.12.2022,3,0,-10.0
30.12.2022,3,10,-10.1
30.12.2022,3,20,-8.9
30.12.2022,3,30,-10.0
30.12.2022,3,40,-9.4
30.12.2022,3,50,-9.1
30.12.2022,4,0,-9.2
30.12.2022,4,10,-9.2
30.12.2022,4,20,-9.4
30.12.2022,4,30,-8.8
30.12.2022,4,40,-8.2
30.12.2022,4,50,-7.5
30.12.2022,5,0,-7.5
30.12.2022,5,10,-8.6
30.12.2022,5,20,-8.0
30.12.2022,5,30,-7.4
30.12.2022,5,40,-8.8
30.12.2022,5,50,-7.6
30.12.2022,6,0,-8.0
30.12.2022,6,10,-8.4
30.12.2022,6,20,-8.0
30.12.2022,6,30,-6.6
30.12.2022,6,40,-8.2
30.12.2022,6,50,-6.8
30.12.2022,7,0,-7.3
30.12.2022,7,10,-6.1
30.12.2022,7,20,-7.6
30.12.2022,7,30,-7.3
30.12.2022,7,40,-6.7
30.12.2022,7,50,-6.4
30.12.2022,8,0,-6.1
30.12.2022,8,10,-6.3
30.12.2022,8,20,-6.3
30.12.2022,8,30,-6.2
30.12.2022,8,40,-5.4
30.12.2022,8,50,-6.4
30.12.2022,9,0,-5.9
30.12.2022,9,10,-4.9
30.12.2022,9,20,-6.1
30.12.2022,9,30,-5.7
30.12.2022,9,40,-5.5
30.12.2022,9,50,-5.5
30.12.2022,10,0,-5.4
30.12.2022,10,10,-5.7
30.12.2022,10,20,-5.9
30.12.2022,10,30,-4.7
30.12.2022,10,40,-4.2
30.12.2022,10,50,-5.6
30.12.2022,11,0,-4.5
30.12.2022,11,10,-5.0
30.12.2022,11,20,-5.1
30.12.2022,11,30,-4.0
30.12.2022,11,40,-4.7
30.12.2022,11,50,-4.1
30.12.2022,12,0,-3.3
30.12.2022,12,10,-4.1
30.12.2022,12,20,-3.1
30.12.2022,12,30,-3.1
30.12.2022,12,40,-2.6
30.12.2022,12,50,-4.0
30.12.2022,13,0,-4.4
30.12.2022,13,10,-4.1
30.12.2022,13,20,-3.4
30.12.2022,13,30,-2.3
30.12.2022,13,40,-2.8
30.12.2022,13,50,-2.1
30.12.2022,14,0,-2.5
30.12.2022,14,10,-2.0
30.12.2022,14,20,-2.2
30.12.2022,14,30,-2.5
30.12.2022,14,40,-2.5
30.12.2022,14,50,-1.4
30.12.2022,15,0,-1.7
30.12.2022,15,10,-1.5
30.12.2022,15,20,-2.0
30.12.2022,15,30,-1.1
30.12.2022,15,40,-1.0
30.12.2022,15,50,-1.7
30.12.2022,16,0,-1.2
30.12.2022,16,10,-1.5
30.12.2022,16,20,-1.9
30.12.2022,16,30,-1.5
30.12.2022,16,40,-2.1
30.12.2022,16,50,-0.2
30.12.2022,17,0,-1.7
30.12.2022,17,10,-1.1
30.12.2022,17,20,-1.6
30.12.2022,17,30,-1.5
30.12.2022,17,40,-1.4
30.12.2022,17,50,-0.1
30.12.2022,18,0,-0.8
30.12.2022,18,10,-0.2
30.12.2022,18,20,0.5
30.12.2022,18,30,-0.5
30.12.2022,18,40,-0.6
30.12.2022,18,50,-0.7
30.12.2022,19,0,-0.1
30.12.2022,19,10,0.4
30.12.2022,19,20,1.2
30.12.2022,19,30,0.2
30.12.2022,19,40,0.8
30.12.2022,19,50,0.8
30.12.2022,20,0,1.4
30.12.2022,20,10,0.3
30.12.2022,20,20,1.5
30.12.2022,20,30,1.7
30.12.2022,20,40,1.6
30.12.2022,20,50,0.7
30.12.2022,21,0,1.2
30.12.2022,21,10,0.9
30.12.2022,21,20,1.8
30.12.2022,21,30,2.0
30.12.2022,21,40,2.0
30.12.2022,21,50,2.1
30.12.2022,22,0,1.0
30.12.2022,22,10,3.1
30.12.2022,22,20,2.0
30.12.2022,22,30,1.9
30.12.2022,22,40,2.6
30.12.2022,22,50,2.0
30.12.2022,23,0,1.9
30.12.2022,23,10,3.3
30.12.2022,23,20,3.7
30.12.2022,23,30,3.7
30.12.2022,23,40,3.8
30.12.2022,23,50,2.8
31.12.2022,0,0,-10.8
31.12.2022,0,10,-10.7
31.12.2022,0,20,-10.4
31.12.2022,0,30,-11.5
31.12.2022,0,40,-11.1
31.12.2022,0,50,-9.8
31.12.2022,1,0,-10.3
31.12.2022,1,10,-9.6
31.12.2022,1,20,-10.7
31.12.2022,1,30,-10.2
31.12.2022,1,40,-11.0
31.12.2022,1,50,-9.1
31.12.2022,2,0,-9.0
31.12.2022,2,10,-9.4
31.12.2022,2,20,-10.0
31.12.2022,2,30,-9.4
31.12.2022,2,40,-9.8
31.12.2022,2,50,-9.0
31.12.2022,3,0,-10.1
31.12.2022,3,10,-8.7
31.12.2022,3,20,-9.8
31.12.2022,3,30,-9.6
31.12.2022,3,40,-9.3
31.12.2022,3,50,-9.6
31.12.2022,4,0,-7.9
31.12.2022,4,10,-9.4
31.12.2022,4,20,-9.2
31.12.2022,4,30,-8.4
31.12.2022,4,40,-7.9
31.12.2022,4,50,-9.3
31.12.2022,5,0,-7.8
31.12.2022,5,10,-8.0
31.12.2022,5,20,-8.5
31.12.2022,5,30,-8.1
31.12.2022,5,40,-7.0
31.12.2022,5,50,-7.3
31.12.2022,6,0,-6.7
31.12.2022,6,10,-7.0
31.12.2022,6,20,-8.4
31.12.2022,6,30,-7.1
31.12.2022,6,40,-7.6
31.12.2022,6,50,-7.7
31.12.2022,7,0,-7.4
31.12.2022,7,10,-7.1
31.12.2022,7,20,-7.3
31.12.2022,7,30,-7.2
31.12.2022,7,40,-6.5
31.12.2022,7,50,-6.3
31.12.2022,8,0,-6.3
31.12.2022,8,10,-5.4
31.12.2022,8,20,-6.5
31.12.2022,8,30,-6.1
31.12.2022,8,40,-6.0
31.12.2022,8,50,-5.1
31.12.2022,9,0,-6.7
31.12.2022,9,10,-5.3
31.12.2022,9,20,-5.0
31.12.2022,9,30,-6.4
31.12.2022,9,40,-5.5
31.12.2022,9,50,-4.5
31.12.2022,10,0,-5.6
31.12.2022,10,10,-4.1
31.12.2022,10,20,-5.0
31.12.2022,10,30,-5.0
31.12.2022,10,40,-5.5
31.12.2022,10,50,-4.3
31.12.2022,11,0,-5.3
31.12.2022,11,10,-4.4
31.12.2022,11,20,-3.9
31.12.2022,11,30,-4.1
31.12.2022,11,40,-3.8
31.12.2022,11,50,-4.4
31.12.2022,12,0,-3.2
31.12.2022,12,10,-4.4
31.12.2022,12,20,-4.1
31.12.2022,12,30,-2.8
31.12.2022,12,40,-3.8
31.12.2022,12,50,-2.9
31.12.2022,13,0,-3.9
31.12.2022,13,10,-2.6
31.12.2022,13,20,-3.3
31.12.2022,13,30,-3.9
31.12.2022,13,40,-3.7
31.12.2022,13,50,-3.0
31.12.2022,14,0,-2.7
31.12.2022,14,10,-2.8
31.12.2022,14,20,-2.3
31.12.2022,14,30,-1.6
31.12.2022,14,40,-1.9
31.12.2022,14,50,-2.6
31.12.2022,15,0,-2.8
31.12.2022,15,10,-1.7
31.12.2022,15,20,-1.7
31.12.2022,15,30,-1.6
31.12.2022,15,40,-2.2
31.12.2022,15,50,-2.4
31.12.2022,16,0,-1.5
31.12.2022,16,10,-0.6
31.12.2022,16,20,-2.0
31.12.2022,16,30,-0.6
31.12.2022,16,40,-1.9
31.12.2022,16,50,-0.7
31.12.2022,17,0,-1.9
31.12.2022,17,10,-1.6
31.12.2022,17,20,-0.3
31.12.2022,17,30,0.2
31.12.2022,17,40,-1.1
31.12.2022,17,50,-0.3
31.12.2022,18,0,0.6
31.12.2022,18,10,0.6
31.12.2022,18,20,-0.6
31.12.2022,18,30,-1.0
31.12.2022,18,40,-0.1
31.12.2022,18,50,-0.5
31.12.2022,19,0,-0.7
31.12.2022,19,10,0.2
31.12.2022,19,20,-0.3
31.12.2022,19,30,0.1
31.12.2022,19,40,0.3
31.12.2022,19,50,1.5
31.12.2022,20,0,0.4
31.12.2022,20,10,1.3
31.12.2022,20,20,0.7
31.12.2022,20,30,2.0
31.12.2022,20,40,1.6
31.12.2022,20,50,2.1
31.12.2022,21,0,1.2
31.12.2022,21,10,0.8
31.12.2022,21,20,1.3
31.12.2022,21,30,2.3
31.12.2022,21,40,1.1
31.12.2022,21,50,1.9
31.12.2022,22,0,1.7
31.12.2022,22,10,1.5
31.12.2022,22,20,1.7
31.12.2022,22,30,1.9
31.12.2022,22,40,2.9
31.12.2022,22,50,2.0
31.12.2022,23,0,2.8
31.12.2022,23,10,3.2
31.12.2022,23,20,3.4
31.12.2022,23,30,2.8
31.12.2022,23,40,3.6
31.12.2022,23,50,4.1
1.1.2023,0,0,-11.6
1.1.2023,0,10,-11.4
1.1.2023,0,20,-10.1
1.1.2023,0,30,-11.2
1.1.2023,0,40,-11.4
1.1.2023,0,50,-10.1
1.1.2023,1,0,-10.1
1.1.2023,1,10,-9.8
1.1.2023,1,20,-9.8
1.1.2023,1,30,-9.7
1.1.2023,1,40,-10.9
1.1.2023,1,50,-9.3
1.1.2023,2,0,-9.8
1.1.2023,2,10,-10.8
1.1.2023,2,20,-9.0
1.1.2023,2,30,-10.1
1.1.2023,2,40,-10.2
1.1.2023,2,50,-9.4
1.1.2023,3,0,-9.5
1.1.2023,3,10,-8.9
1.1.2023,3,20,-8.5
1.1.2023,3,30,-8.8
1.1.2023,3,40,-9.5
1.1.2023,3,50,-8.9
1.1.2023,4,0,-8.6
1.1.2023,4,10,-8.4
1.1.2023,4,20,-8.2
1.1.2023,4,30,-9.3
1.1.2023,4,40,-8.5
1.1.2023,4,50,-7.8
1.1.2023,5,0,-7.6
1.1.2023,5,10,-7.6
1.1.2023,5,20,-8.6
1.1.2023,5,30,-8.0
1.1.2023,5,40,-8.7
1.1.2023,5,50,-7.9
1.1.2023,6,0,-7.5
1.1.2023,6,10,-6.9
1.1.2023,6,20,-6.9
1.1.2023,6,30,-7.9
1.1.2023,6,40,-7.0
1.1.2023,6,50,-8.1
1.1.2023,7,0,-6.5
1.1.2023,7,10,-7.8
1.1.2023,7,20,-6.2
1.1.2023,7,30,-6.1
1.1.2023,7,40,-7.5
1.1.2023,7,50,-7.4
1.1.2023,8,0,-6.8
1.1.2023,8,10,-6.0
1.1.2023,8,20,-6.0
1.1.2023,8,30,-5.1
1.1.2023,8,40,-6.5
1.1.2023,8,50,-5.5
1.1.2023,9,0,-5.7
1.1.2023,9,10,-4.9
1.1.2023,9,20,-6.1
1.1.2023,9,30,-5.0
1.1.2023,9,40,-5.7
1.1.2023,9,50,-5.8
1.1.2023,10,0,-6.1
1.1.2023,10,10,-4.9
1.1.2023,10,20,-4.0
1.1.2023,10,30,-5.1
1.1.2023,10,40,-5.5
1.1.2023,10,50,-4.4
1.1.2023,11,0,-4.1
1.1.2023,11,10,-4.2
1.1.2023,11,20,-3.5
1.1.2023,11,30,-4.6
1.1.2023,11,40,-3.3
1.1.2023,11,50,-3.8
1.1.2023,12,0,-3.9
1.1.2023,12,10,-4.8
1.1.2023,12,20,-3.2
1.1.2023,12,30,-2.8
1.1.2023,12,40,-2.7
1.1.2023,12,50,-2.7
1.1.2023,13,0,-2.9
1.1.2023,13,10,-4.0
1.1.2023,13,20,-3.9
1.1.2023,13,30,-3.7
1.1.2023,13,40,-2.8
1.1.2023,13,50,-2.0
1.1.2023,14,0,-3.2
1.1.2023,14,10,-3.1
1.1.2023,14,20,-3.5
1.1.2023,14,30,-2.1
1.1.2023,14,40,-2.6
1.1.2023,14,50,-2.1
1.1.2023,15,0,-2.4
1.1.2023,15,10,-3.0
1.1.2023,15,20,-1.2
1.1.2023,15,30,-2.1
1.1.2023,15,40,-1.4
1.1.2023,15,50,-1.6
1.1.2023,16,0,-1.9
1.1.2023,16,10,-2.5
1.1.2023,16,20,-1.1
1.1.2023,16,30,-1.1
1.1.2023,16,40,-1.1
1.1.2023,16,50,-0.7
1.1.2023,17,0,-0.4
1.1.2023,17,10,-0.1
1.1.2023,17,20,-0.3
1.1.2023,17,30,-1.6
1.1.2023,17,40,-0.1
1.1.2023,17,50,-0.8
1.1.2023,18,0,-1.3
1.1.2023,18,10,0.1
1.1.2023,18,20,0.2
1.1.2023,18,30,-0.7
1.1.2023,18,40,0.4
1.1.2023,18,50,0.5
1.1.2023,19,0,0.1
1.1.2023,19,10,1.1
1.1.2023,19,20,1.2
1.1.2023,19,30,0.0
1.1.2023,19,40,1.0
1.1.2023,19,50,0.0
1.1.2023,20,0,-0.1
1.1.2023,20,10,0.6
1.1.2023,20,20,2.0
1.1.2023,20,30,0.4
1.1.2023,20,40,0.2
1.1.2023,20,50,0.8
1.1.2023,21,0,0.6
1.1.2023,21,10,1.9
1.1.2023,21,20,1.7
1.1.2023,21,30,1.8
1.1.2023,21,40,1.0
1.1.2023,21,50,2.1
1.1.2023,22,0,1.1
1.1.2023,22,10,1.3
1.1.2023,22,20,3.1
1.1.2023,22,30,3.2
1.1.2023,22,40,3.3
1.1.2023,22,50,2.9
1.1.2023,23,0,1.8
1.1.2023,23,10,1.8
1.1.2023,23,20,2.6
1.1.2023,23,30,2.9
1.1.2023,23,40,3.2
1.1.2023,23,50,3.2
2.1.2023,0,0,-11.8
2.1.2023,0,10,-11.0
2.1.2023,0,20,-11.2
2.1.2023,0,30,-10.0
2.1.2023,0,40,-10.6
2.1.2023,0,50,-11.7
2.1.2023,1,0,-10.4
2.1.2023,1,10,-10.2
2.1.2023,1,20,-10.4
2.1.2023,1,30,-9.9
2.1.2023,1,40,-10.5
2.1.2023,1,50,-10.4
2.1.2023,2,0,-10.0
2.1.2023,2,10,-9.1
2.1.2023,2,20,-9.9
2.1.2023,2,30,-10.0
2.1.2023,2,40,-9.9
2.1.2023,2,50,-9.9
2.1.2023,3,0,-9.1
2.1.2023,3,10,-8.6
2.1.2023,3,20,-9.9
2.1.2023,3,30,-8.7
2.1.2023,3,40,-9.1
2.1.2023,3,50,-8.9
2.1.2023,4,0,-9.2
2.1.2023,4,10,-7.9
2.1.2023,4,20,-8.5
2.1.2023,4,30,-8.8
2.1.2023,4,40,-7.5
2.1.2023,4,50,-7.8
2.1.2023,5,0,-8.3
2.1.2023,5,10,-8.1
2.1.2023,5,20,-7.8
2.1.2023,5,30,-7.2
2.1.2023,5,40,-7.5
2.1.2023,5,50,-8.2
2.1.2023,6,0,-8.4
2.1.2023,6,10,-6.7
2.1.2023,6,20,-6.8
2.1.2023,6,30,-7.8
2.1.2023,6,40,-7.9
2.1.2023,6,50,-7.4
2.1.2023,7,0,-6.3
2.1.2023,7,10,-7.7
2.1.2023,7,20,-6.8
2.1.2023,7,30,-6.6
2.1.2023,7,40,-7.3
2.1.2023,7,50,-6.8
2.1.2023,8,0,-6.4
2.1.2023,8,10,-6.8
2.1.2023,8,20,-5.9
2.1.2023,8,30,-5.2
2.1.2023,8,40,-6.4
2.1.2023,8,50,-5.5
2.1.2023,9,0,-6.4
2.1.2023,9,10,-5.4
2.1.2023,9,20,-5.1
2.1.2023,9,30,-6.4
2.1.2023,9,40,-4.8
2.1.2023,9,50,-4.9
2.1.2023,10,0,-4.4
2.1.2023,10,10,-5.5
2.1.2023,10,20,-4.8
2.1.2023,10,30,-4.6
2.1.2023,10,40,-4.9
2.1.2023,10,50,-4.9
2.1.2023,11,0,-4.5
2.1.2023,11,10,-5.0
2.1.2023,11,20,-5.1
2.1.2023,11,30,-4.4
2.1.2023,11,40,-3.6
2.1.2023,11,50,-4.0
2.1.2023,12,0,-3.6
2.1.2023,12,10,-4.8
2.1.2023,12,20,-4.6
2.1.2023,12,30,-3.1
2.1.2023,12,40,-4.4
2.1.2023,12,50,-3.6
2.1.2023,13,0,-2.6
2.1.2023,13,10,-2.5
2.1.2023,13,20,-2.4
2.1.2023,13,30,-3.9
2.1.2023,13,40,-2.5
2.1.2023,13,50,-3.2
2.1.2023,14,0,-3.4
2.1.2023,14,10,-3.2
2.1.2023,14,20,-2.6
2.1.2023,14,30,-2.3
2.1.2023,14,40,-2.1
2.1.2023,14,50,-1.5
2.1.2023,15,0,-2.1
2.1.2023,15,10,-3.0
2.1.2023,15,20,-2.9
2.1.2023,15,30,-2.1
2.1.2023,15,40,-1.4
2.1.2023,15,50,-2.3
2.1.2023,16,0,-1.4
2.1.2023,16,10,-0.9
2.1.2023,16,20,-1.3
2.1.2023,16,30,-2.0
2.1.2023,16,40,-1.1
2.1.2023,16,50,-1.2
2.1.2023,17,0,-0.8
2.1.2023,17,10,-0.3
2.1.2023,17,20,-0.2
2.1.2023,17,30,-1.6
2.1.2023,17,40,0.1
2.1.2023,17,50,-0.1
2.1.2023,18,0,-0.3
2.1.2023,18,10,-0.2
2.1.2023,18,20,-1.1
2.1.2023,18,30,-0.1
2.1.2023,18,40,0.3
2.1.2023,18,50,0.7
2.1.2023,19,0,0.3
2.1.2023,19,10,0.0
2.1.2023,19,20,1.2
2.1.2023,19,30,1.0
2.1.2023,19,40,0.1
2.1.2023,19,50,0.5
2.1.2023,20,0,1.6
2.1.2023,20,10,0.9
2.1.2023,20,20,1.4
2.1.2023,20,30,1.5
2.1.2023,20,40,0.4
2.1.2023,20,50,1.0
2.1.2023,21,0,0.9
2.1.2023,21,10,1.2
2.1.2023,21,20,2.0
2.1.2023,21,30,1.0
2.1.2023,21,40,2.7
2.1.2023,21,50,1.6
2.1.2023,22,0,1.9
2.1.2023,22,10,1.4
2.1.2023,22,20,2.1
2.1.2023,22,30,1.4
2.1.2023,22,40,2.8
2.1.2023,22,50,2.9
2.1.2023,23,0,3.3
2.1.2023,23,10,2.5
2.1.2023,23,20,3.5
2.1.2023,23,30,3.3
2.1.2023,23,40,2.7
2.1.2023,23,50,3.1
3.1.2023,0,0,-10.8
3.1.2023,0,10,-11.8
3.1.2023,0,20,-11.7
3.1.2023,0,30,-11.0
3.1.2023,0,40,-11.6
3.1.2023,0,50,-10.9
3.1.2023,1,0,-10.6
3.1.2023,1,10,-9.5
3.1.2023,1,20,-9.8
3.1.2023,1,30,-10.0
3.1.2023,1,40,-9.7
3.1.2023,1,50,-9.1
3.1.2023,2,0,-10.2
3.1.2023,2,10,-9.1
3.1.2023,2,20,-9.2
3.1.2023,2,30,-9.8
3.1.2023,2,40,-8.7
3.1.2023,2,50,-9.1
3.1.2023,3,0,-10.2
3.1.2023,3,10,-8.8
3.1.2023,3,20,-8.5
3.1.2023,3,30,-9.4
3.1.2023,3,40,-8.5
3.1.2023,3,50,-9.4
3.1.2023,4,0,-9.1
3.1.2023,4,10,-8.7
3.1.2023,4,20,-8.0
3.1.2023,4,30,-8.7
3.1.2023,4,40,-7.7
3.1.2023,4,50,-7.3
3.1.2023,5,0,-7.3
3.1.2023,5,10,-7.7
3.1.2023,5,20,-8.3
3.1.2023,5,30,-8.8
3.1.2023,5,40,-8.1
3.1.2023,5,50,-8.0
3.1.2023,6,0,-7.8
3.1.2023,6,10,-7.7
3.1.2023,6,20,-6.6
3.1.2023,6,30,-6.7
3.1.2023,6,40,-7.1
3.1.2023,6,50,-6.3
3.1.2023,7,0,-6.3
3.1.2023,7,10,-7.8
3.1.2023,7,20,-6.9
3.1.2023,7,30,-7.0
3.1.2023,7,40,-7.0
3.1.2023,7,50,-6.2
3.1.2023,8,0,-7.1
3.1.2023,8,10,-6.8
3.1.2023,8,20,-5.6
3.1.2023,8,30,-6.2
3.1.2023,8,40,-6.3
3.1.2023,8,50,-5.8
3.1.2023,9,0,-6.4
3.1.2023,9,10,-5.1
3.1.2023,9,20,-4.7
3.1.2023,9,30,-6.3
3.1.2023,9,40,-6.0
3.1.2023,9,50,-4.6
3.1.2023,10,0,-5.5
3.1.2023,10,10,-4.3
3.1.2023,10,20,-4.3
3.1.2023,10,30,-4.8
3.1.2023,10,40,-4.3
3.1.2023,10,50,-3.9
3.1.2023,11,0,-4.7
3.1.2023,11,10,-4.2
3.1.2023,11,20,-4.1
3.1.2023,11,30,-4.7
3.1.2023,11,40,-3.4
3.1.2023,11,50,-5.0
3.1.2023,12,0,-3.0
3.1.2023,12,10,-3.9
3.1.2023,12,20,-3.4
3.1.2023,12,30,-3.6
3.1.2023,12,40,-4.4
3.1.2023,12,50,-3.5
3.1.2023,13,0,-3.7
3.1.2023,13,10,-3.6
3.1.2023,13,20,-2.2
3.1.2023,13,30,-3.3
3.1.2023,13,40,-2.2
3.1.2023,13,50,-3.8
3.1.2023,14,0,-2.2
3.1.2023,14,10,-2.7
3.1.2023,14,20,-2.6
3.1.2023,14,30,-1.6
3.1.2023,14,40,-1.5
3.1.2023,14,50,-3.2
3.1.2023,15,0,-2.5
3.1.2023,15,10,-1.4
3.1.2023,15,20,-1.6
3.1.2023,15,30,-2.7
3.1.2023,15,40,-2.5
3.1.2023,15,50,-0.8
3.1.2023,16,0,-0.6
3.1.2023,16,10,-0.6
3.1.2023,16,20,-1.7
3.1.2023,16,30,-2.2
3.1.2023,16,40,-1.4
3.1.2023,16,50,-0.4
3.1.2023,17,0,-0.2
3.1.2023,17,10,-1.8
3.1.2023,17,20,-0.7
3.1.2023,17,30,-1.4
3.1.2023,17,40,-1.0
3.1.2023,17,50,-0.3
3.1.2023,18,0,-1.2
3.1.2023,18,10,-0.1
3.1.2023,18,20,0.8
3.1.2023,18,30,0.9
3.1.2023,18,40,0.7
3.1.2023,18,50,-0.4
3.1.2023,19,0,0.0
3.1.2023,19,10,-0.1
3.1.2023,19,20,0.3
3.1.2023,19,30,0.4
3.1.2023,19,40,0.6
3.1.2023,19,50,0.8
3.1.2023,20,0,1.8
3.1.2023,20,10,0.1
3.1.2023,20,20,1.8
3.1.2023,20,30,1.2
3.1.2023,20,40,2.2
3.1.2023,20,50,0.4
3.1.2023,21,0,2.0
3.1.2023,21,10,2.2
3.1.2023,21,20,0.8
3.1.2023,21,30,2.1
3.1.2023,21,40,2.1
3.1.2023,21,50,2.5
3.1.2023,22,0,2.9
3.1.2023,22,10,2.7
3.1.2023,22,20,1.9
3.1.2023,22,30,2.6
3.1.2023,22,40,3.2
3.1.2023,22,50,3.1
3.1.2023,23,0,1.9
3.1.2023,23,10,2.4
3.1.2023,23,20,2.7
3.1.2023,23,30,2.9
3.1.2023,23,40,3.8
3.1.2023,23,50,3.6
4.1.2023,0,0,-11.0
4.1.2023,0,10,-12.0
4.1.2023,0,20,-11.1
4.1.2023,0,30,-10.8
4.1.2023,0,40,-10.0
4.1.2023,0,50,-10.9
4.1.2023,1,0,-10.4
4.1.2023,1,10,-9.9
4.1.2023,1,20,-10.1
4.1.2023,1,30,-10.1
4.1.2023,1,40,-10.3
4.1.2023,1,50,-10.4
4.1.2023,2,0,-9.3
4.1.2023,2,10,-9.1
4.1.2023,2,20,-10.5
4.1.2023,2,30,-10.5
4.1.2023,2,40,-9.7
4.1.2023,2,50,-9.8
4.1.2023,3,0,-9.8
4.1.2023,3,10,-10.2
4.1.2023,3,20,-9.6
4.1.2023,3,30,-8.2
4.1.2023,3,40,-9.0
4.1.2023,3,50,-8.4
4.1.2023,4,0,-8.6
4.1.2023,4,10,-7.9
4.1.2023,4,20,-9.1
4.1.2023,4,30,-8.1
4.1.2023,4,40,-7.7
4.1.2023,4,50,-7.5
4.1.2023,5,0,-8.6
4.1.2023,5,10,-8.4
4.1.2023,5,20,-7.7
4.1.2023,5,30,-7.9
4.1.2023,5,40,-7.5
4.1.2023,5,50,-7.8
4.1.2023,6,0,-7.9
4.1.2023,6,10,-7.9
4.1.2023,6,20,-8.0
4.1.2023,6,30,-7.0
4.1.2023,6,40,-7.4
4.1.2023,6,50,-7.3
4.1.2023,7,0,-7.8
4.1.2023,7,10,-7.4
4.1.2023,7,20,-6.1
4.1.2023,7,30,-7.0
4.1.2023,7,40,-6.0
4.1.2023,7,50,-7.1
4.1.2023,8,0,-6.4
4.1.2023,8,10,-6.1
4.1.2023,8,20,-6.4
4.1.2023,8,30,-5.6
4.1.2023,8,40,-6.2
4.1.2023,8,50,-6.7
4.1.2023,9,0,-6.2
4.1.2023,9,10,-4.8
4.1.2023,9,20,-4.9
4.1.2023,9,30,-6.4
4.1.2023,9,40,-6.3
4.1.2023,9,50,-5.7
4.1.2023,10,0,-4.7
4.1.2023,10,10,-4.8
4.1.2023,10,20,-5.7
4.1.2023,10,30,-4.5
4.1.2023,10,40,-5.0
4.1.2023,10,50,-4.6
4.1.2023,11,0,-4.8
4.1.2023,11,10,-3.9
4.1.2023,11,20,-4.0
4.1.2023,11,30,-3.4
4.1.2023,11,40,-4.0
4.1.2023,11,50,-4.3
4.1.2023,12,0,-4.5
4.1.2023,12,10,-3.5
4.1.2023,12,20,-3.1
4.1.2023,12,30,-3.7
4.1.2023,12,40,-3.2
4.1.2023,12,50,-3.6
4.1.2023,13,0,-3.4
4.1.2023,13,10,-3.7
4.1.2023,13,20,-2.8
4.1.2023,13,30,-2.9
4.1.2023,13,40,-3.6
4.1.2023,13,50,-3.8
4.1.2023,14,0,-3.4
4.1.2023,14,10,-2.3
4.1.2023,14,20,-2.0
4.1.2023,14,30,-1.9
4.1.2023,14,40,-2.6
4.1.2023,14,50,-1.9
4.1.2023,15,0,-1.7
4.1.2023,15,10,-1.9
4.1.2023,15,20,-1.2
4.1.2023,15,30,-1.9
4.1.2023,15,40,-1.0
4.1.2023,15,50,-2.4
4.1.2023,16,0,-1.9
4.1.2023,16,10,-1.4
4.1.2023,16,20,-1.4
4.1.2023,16,30,-1.1
4.1.2023,16,40,-1.5
4.1.2023,16,50,-0.6
4.1.2023,17,0,-1.3
4.1.2023,17,10,0.1
4.1.2023,17,20,0.2
4.1.2023,17,30,-0.8
4.1.2023,17,40,-0.8
4.1.2023,17,50,-0.5
4.1.2023,18,0,-0.3
4.1.2023,18,10,-1.2
4.1.2023,18,20,0.0
4.1.2023,18,30,0.6
4.1.2023,18,40,-0.2
4.1.2023,18,50,0.3
4.1.2023,19,0,-0.2
4.1.2023,19,10,0.2
4.1.2023,19,20,1.3
4.1.2023,19,30,0.2
4.1.2023,19,40,-0.4
4.1.2023,19,50,-0.1
4.1.2023,20,0,1.3
4.1.2023,20,10,0.6
4.1.2023,20,20,1.4
4.1.2023,20,30,0.4
4.1.2023,20,40,2.1
4.1.2023,20,50,1.4
4.1.2023,21,0,1.5
4.1.2023,21,10,0.6
4.1.2023,21,20,1.8
4.1.2023,21,30,1.8
4.1.2023,21,40,1.1
4.1.2023,21,50,1.1
4.1.2023,22,0,1.8
4.1.2023,22,10,1.6
4.1.2023,22,20,1.6
4.1.2023,22,30,2.8
4.1.2023,22,40,2.8
4.1.2023,22,50,2.9
4.1.2023,23,0,2.7
4.1.2023,23,10,3.1
4.1.2023,23,20,2.5
4.1.2023,23,30,3.6
4.1.2023,23,40,3.1
4.1.2023,23,50,2.6
5.1.2023,0,0,-10.8
5.1.2023,0,10,-11.9
5.1.2023,0,20,-10.2
5.1.2023,0,30,-9.9
5.1.2023,0,40,-10.4
5.1.2023,0,50,-10.8
5.1.2023,1,0,-9.7
5.1.2023,1,10,-9.9
5.1.2023,1,20,-9.5
5.1.2023,1,30,-9.9
5.1.2023,1,40,-10.3
5.1.2023,1,50,-11.1
5.1.2023,2,0,-10.3
5.1.2023,2,10,-9.0
5.1.2023,2,20,-8.8
5.1.2023,2,30,-10.6
5.1.2023,2,40,-9.3
5.1.2023,2,50,-9.6
5.1.2023,3,0,-10.1
5.1.2023,3,10,-10.1
5.1.2023,3,20,-8.3
5.1.2023,3,30,-9.2
5.1.2023,3,40,-8.2
5.1.2023,3,50,-9.3
5.1.2023,4,0,-9.8
5.1.2023,4,10,-8.6
5.1.2023,4,20,-9.0
5.1.2023,4,30,-8.0
5.1.2023,4,40,-8.7
5.1.2023,4,50,-9.3
5.1.2023,5,0,-8.8
5.1.2023,5,10,-7.8
5.1.2023,5,20,-8.8
5.1.2023,5,30,-7.7
5.1.2023,5,40,-8.5
5.1.2023,5,50,-8.4
5.1.2023,6,0,-8.2
5.1.2023,6,10,-7.4
5.1.2023,6,20,-6.8
5.1.2023,6,30,-7.3
5.1.2023,6,40,-7.9
5.1.2023,6,50,-6.5
5.1.2023,7,0,-6.2
5.1.2023,7,10,-6.5
5.1.2023,7,20,-6.9
5.1.2023,7,30,-5.8
5.1.2023,7,40,-5.9
5.1.2023,7,50,-6.1
5.1.2023,8,0,-7.3
5.1.2023,8,10,-7.3
5.1.2023,8,20,-6.0
5.1.2023,8,30,-6.3
5.1.2023,8,40,-6.3
5.1.2023,8,50,-5.6
5.1.2023,9,0,-6.7
5.1.2023,9,10,-5.3
5.1.2023,9,20,-5.4
5.1.2023,9,30,-4.6
5.1.2023,9,40,-5.2
5.1.2023,9,50,-4.7
5.1.2023,10,0,-5.9
5.1.2023,10,10,-5.0
5.1.2023,10,20,-4.4
5.1.2023,10,30,-4.5
5.1.2023,10,40,-5.6
5.1.2023,10,50,-4.7
5.1.2023,11,0,-5.3
5.1.2023,11,10,-5.0
5.1.2023,11,20,-5.3
5.1.2023,11,30,-4.7
5.1.2023,11,40,-4.8
5.1.2023,11,50,-4.5
5.1.2023,12,0,-3.6
5.1.2023,12,10,-3.8
5.1.2023,12,20,-4.8
5.1.2023,12,30,-3.2
5.1.2023,12,40,-4.0
5.1.2023,12,50,-4.2
5.1.2023,13,0,-4.2
5.1.2023,13,10,-4.2
5.1.2023,13,20,-3.3
5.1.2023,13,30,-4.1
5.1.2023,13,40,-3.1
5.1.2023,13,50,-2.1
5.1.2023,14,0,-3.2
5.1.2023,14,10,-2.2
5.1.2023,14,20,-3.3
5.1.2023,14,30,-3.0
5.1.2023,14,40,-3.0
5.1.2023,14,50,-1.4
5.1.2023,15,0,-2.9
5.1.2023,15,10,-2.5
5.1.2023,15,20,-1.5
5.1.2023,15,30,-2.0
5.1.2023,15,40,-2.3
5.1.2023,15,50,-1.0
5.1.2023,16,0,-1.5
5.1.2023,16,10,-1.5
5.1.2023,16,20,-1.6
5.1.2023,16,30,-2.0
5.1.2023,16,40,-0.4
5.1.2023,16,50,-1.8
5.1.2023,17,0,-1.4
5.1.2023,17,10,-1.4
5.1.2023,17,20,-0.6
5.1.2023,17,30,-1.4
5.1.2023,17,40,-1.0
5.1.2023,17,50,-0.9
5.1.2023,18,0,0.0
5.1.2023,18,10,0.7
5.1.2023,18,20,-0.2
5.1.2023,18,30,-0.7
5.1.2023,18,40,-0.3
5.1.2023,18,50,-0.2
5.1.2023,19,0,0.8
5.1.2023,19,10,-0.5
5.1.2023,19,20,-0.2
5.1.2023,19,30,0.5
5.1.2023,19,40,0.4
5.1.2023,19,50,0.5
5.1.2023,20,0,0.5
5.1.2023,20,10,1.3
5.1.2023,20,20,0.3
5.1.2023,20,30,0.4
5.1.2023,20,40,1.9
5.1.2023,20,50,0.4
5.1.2023,21,0,2.2
5.1.2023,21,10,1.4
5.1.2023,21,20,1.2
5.1.2023,21,30,1.5
5.1.2023,21,40,2.4
5.1.2023,21,50,2.6
5.1.2023,22,0,1.1
5.1.2023,22,10,1.5
5.1.2023,22,20,2.6
5.1.2023,22,30,2.2
5.1.2023,22,40,2.0
5.1.2023,22,50,3.2
5.1.2023,23,0,2.8
5.1.2023,23,10,3.5
5.1.2023,23,20,2.7
5.1.2023,23,30,3.2
5.1.2023,23,40,3.4
5.1.2023,23,50,3.6
